date,region_id,avg_5min_demand,daily_peak,daily_min,total_daily_energy_mwh
2025-01-01,NSW1,6774.125714285715,9434.59,4534.57,486043.52
2025-01-01,QLD1,6039.234634146341,7808.79,4554.92,433315.08499999996
2025-01-01,SA1,862.2866550522648,1518.36,10.55,61869.06749999999
2025-01-01,TAS1,999.8207665505228,1104.47,920.09,71737.14
2025-01-01,VIC1,3293.1343902439025,4488.6,1400.13,236282.3925
2025-01-02,NSW1,6996.438159722223,8012.66,6219.28,503743.5475
2025-01-02,QLD1,6345.737013888889,7802.14,5272.72,456893.065
2025-01-02,SA1,973.5983680555555,1598.49,105.08,70099.08249999999
2025-01-02,TAS1,1004.6503472222222,1131.23,843.71,72334.825
2025-01-02,VIC1,3315.4696527777774,4721.65,1646.4,238713.81499999997
2025-01-03,NSW1,6718.043784722222,8213.75,5483.67,483699.15249999997
2025-01-03,QLD1,6089.9037499999995,7861.39,4783.63,438473.06999999995
2025-01-03,SA1,1198.950138888889,2126.52,361.46,86324.41
2025-01-03,TAS1,996.9143402777778,1174.44,853.52,71777.83249999999
2025-01-03,VIC1,3910.481458333333,6153.3,2055.99,281554.665
2025-01-04,NSW1,6624.8075,8959.56,4429.12,476986.13999999996
2025-01-04,QLD1,5914.247534722223,7642.95,4635.5,425825.8225
2025-01-04,SA1,1533.7567361111112,2090.14,911.02,110430.485
2025-01-04,TAS1,982.3090277777778,1199.23,840.89,70726.25
2025-01-04,VIC1,4795.981979166667,7265.61,3126.61,345310.7025
2025-01-05,NSW1,7140.296388888889,9910.58,4727.66,514101.33999999997
2025-01-05,QLD1,5839.381111111112,7934.2,4351.41,420435.44
2025-01-05,SA1,1459.1166319444444,1791.16,1004.61,105056.39749999999
2025-01-05,TAS1,1031.4639583333333,1213.7,844.96,74265.405
2025-01-05,VIC1,5327.778125,7892.55,3751.94,383600.02499999997
2025-01-06,NSW1,8228.387395833333,10906.78,6419.02,592443.8925
2025-01-06,QLD1,6258.779895833333,8282.01,4933.67,450632.15249999997
2025-01-06,SA1,1178.9041666666667,1536.25,583.84,84881.09999999999
2025-01-06,TAS1,987.7691319444444,1069.75,824.61,71119.3775
2025-01-06,VIC1,4573.784826388889,5451.04,3888.23,329312.50749999995
2025-01-07,NSW1,7438.303819444444,8087.54,6553.74,535557.875
2025-01-07,QLD1,6275.5955208333335,8530.25,4822.13,451842.8775
2025-01-07,SA1,981.4567361111111,1644.48,79.01,70664.885
2025-01-07,TAS1,968.7717013888889,1151.37,839.98,69751.5625
2025-01-07,VIC1,3631.4238194444447,4881.59,2384.33,261462.515
2025-01-08,NSW1,6988.969756944444,8088.2,6007.77,503205.8225
2025-01-08,QLD1,6434.405208333333,8391.67,5278.07,463277.17499999993
2025-01-08,SA1,1181.51875,1787.04,433.67,85069.34999999999
2025-01-08,TAS1,913.430451388889,1070.85,692.39,65766.9925
2025-01-08,VIC1,4223.882326388889,6345.29,2656.7,304119.52749999997
2025-01-09,NSW1,6916.916180555556,8462.67,5880.59,498017.96499999997
2025-01-09,QLD1,6520.725694444444,8216.42,5293.15,469492.25
2025-01-09,SA1,1292.1863541666667,1879.01,525.74,93037.4175
2025-01-09,TAS1,937.5711805555555,1115.47,736.84,67505.125
2025-01-09,VIC1,4849.026493055556,6625.64,3519.95,349129.9075
2025-01-10,NSW1,7301.003784722222,8494.71,6297.45,525672.2725
2025-01-10,QLD1,6547.245451388889,8188.12,5359.29,471401.6725
2025-01-10,SA1,1265.4462152777778,2040.57,508.79,91112.1275
2025-01-10,TAS1,955.3991666666667,1123.84,735.26,68788.73999999999
2025-01-10,VIC1,4958.610555555555,6819.24,3798.1,357019.95999999996
2025-01-11,NSW1,6867.817048611111,8327.0,5755.32,494482.82749999996
2025-01-11,QLD1,6308.328402777778,7466.7,5368.73,454199.645
2025-01-11,SA1,1279.2211111111112,2035.36,519.69,92103.92
2025-01-11,TAS1,911.5811458333333,1081.35,818.52,65633.8425
2025-01-11,VIC1,4994.624513888889,7058.11,3485.94,359612.96499999997
2025-01-12,NSW1,6733.587777777778,8778.67,4872.74,484818.31999999995
2025-01-12,QLD1,6074.77857638889,7701.8,4877.16,437384.0575
2025-01-12,SA1,1239.742361111111,2105.94,364.21,89261.44999999998
2025-01-12,TAS1,950.2266666666666,1078.22,823.38,68416.31999999999
2025-01-12,VIC1,4603.986006944445,5431.06,3724.1,331486.9925
2025-01-13,NSW1,7771.7875,10667.22,5892.19,559568.7
2025-01-13,QLD1,6590.430381944444,8536.13,5309.7,474510.98749999993
2025-01-13,SA1,1398.1947569444444,2080.68,768.18,100670.02249999999
2025-01-13,TAS1,979.9634027777778,1121.33,900.02,70557.36499999999
2025-01-13,VIC1,4725.455659722222,6373.18,3464.39,340232.8075
2025-01-14,NSW1,8316.421666666667,11246.05,6668.98,598782.36
2025-01-14,QLD1,6838.6580208333335,9137.49,5451.06,492383.3775
2025-01-14,SA1,1341.279513888889,2062.2,554.96,96572.125
2025-01-14,TAS1,998.5760763888889,1143.03,881.51,71897.4775
2025-01-14,VIC1,4743.86625,6737.04,3298.82,341558.37
2025-01-15,NSW1,8434.91357638889,11702.58,6862.48,607313.7775
2025-01-15,QLD1,7254.419548611111,10027.09,5763.34,522318.2075
2025-01-15,SA1,1158.3897222222222,1625.86,298.1,83404.06
2025-01-15,TAS1,957.3447916666667,1067.37,862.37,68928.825
2025-01-15,VIC1,4715.937777777778,5502.78,4005.99,339547.52
2025-01-16,NSW1,7217.631423611111,8134.13,6062.28,519669.46249999997
2025-01-16,QLD1,7616.726736111112,10041.18,6352.73,548404.325
2025-01-16,SA1,1146.9675694444445,1616.87,448.58,82581.665
2025-01-16,TAS1,953.833611111111,1092.27,834.06,68676.01999999999
2025-01-16,VIC1,3993.688784722222,5135.48,2683.18,287545.59249999997
2025-01-17,NSW1,6961.924444444444,7865.63,6130.32,501258.55999999994
2025-01-17,QLD1,6681.1603125,8585.87,4940.37,481043.5425
2025-01-17,SA1,1205.1134027777778,1846.88,424.08,86768.165
2025-01-17,TAS1,946.0664236111111,1071.84,782.65,68116.7825
2025-01-17,VIC1,3944.914548611111,5113.77,2208.15,284033.8475
2025-01-18,NSW1,6447.023680555555,7810.1,5118.72,464185.70499999996
2025-01-18,QLD1,6430.724375000001,8424.88,4821.92,463012.155
2025-01-18,SA1,1286.678125,2136.06,492.49,92640.82499999998
2025-01-18,TAS1,889.8721875,1020.53,749.33,64070.79749999999
2025-01-18,VIC1,3855.2814930555555,5853.97,2195.1,277580.26749999996
2025-01-19,NSW1,6018.116006944445,7900.97,4188.12,433304.35250000004
2025-01-19,QLD1,6161.210416666667,8065.28,4494.67,443607.14999999997
2025-01-19,SA1,1577.1088541666668,2485.14,873.27,113551.8375
2025-01-19,TAS1,885.3678819444444,1034.1,783.14,63746.487499999996
2025-01-19,VIC1,4628.9172569444445,7167.97,2855.59,333282.0425
2025-01-20,NSW1,6376.6378125,8506.51,4312.16,459117.9225
2025-01-20,QLD1,6351.230590277778,8485.44,4682.65,457288.60250000004
2025-01-20,SA1,1674.6213888888888,2316.01,1181.22,120572.73999999999
2025-01-20,TAS1,993.3432638888888,1142.69,842.94,71520.715
2025-01-20,VIC1,5702.532222222222,7783.48,4209.5,410582.31999999995
2025-01-21,NSW1,6949.2096875,9419.54,4768.13,500343.0975
2025-01-21,QLD1,7021.991909722222,9312.63,5913.12,505583.4175
2025-01-21,SA1,1344.1550694444445,1925.7,630.46,96779.165
2025-01-21,TAS1,1032.5341319444444,1138.96,918.84,74342.45749999999
2025-01-21,VIC1,5649.363020833333,7939.6,4536.89,406754.1375
2025-01-22,NSW1,7755.125833333333,9542.72,6244.79,558369.0599999999
2025-01-22,QLD1,7873.1076041666665,11159.32,6257.16,566863.7474999999
2025-01-22,SA1,1190.1656944444444,1801.4,355.91,85691.93
2025-01-22,TAS1,912.9916319444445,1035.75,801.76,65735.39749999999
2025-01-22,VIC1,4250.601701388889,5265.29,2986.42,306043.3225
2025-01-23,NSW1,7238.916944444445,8781.47,5884.15,521202.02
2025-01-23,QLD1,7680.364375,9896.04,6233.16,552986.235
2025-01-23,SA1,1285.4816319444444,1605.69,485.28,92554.67749999999
2025-01-23,TAS1,1027.6769097222223,1128.94,879.2,73992.73749999999
2025-01-23,VIC1,4503.251145833334,5308.25,3437.88,324234.0825
2025-01-24,NSW1,6868.149513888889,8445.39,5131.78,494506.76499999996
2025-01-24,QLD1,8144.965451388889,10896.53,6655.3,586437.5125
2025-01-24,SA1,1056.443888888889,1632.07,248.67,76063.95999999999
2025-01-24,TAS1,968.1935069444444,1066.42,879.72,69709.9325
2025-01-24,VIC1,4031.8277430555554,5564.87,2587.92,290291.5975
2025-01-25,NSW1,6469.448055555556,8571.9,4285.51,465800.26
2025-01-25,QLD1,6790.081284722222,8744.78,5378.46,488885.85250000004
2025-01-25,SA1,1090.6352777777777,1724.21,246.28,78525.73999999999
2025-01-25,TAS1,959.9007986111111,1048.5,886.47,69112.8575
2025-01-25,VIC1,3796.382465277778,5372.73,1940.47,273339.5375
2025-01-26,NSW1,6814.081354166667,9034.33,5285.05,490613.8575
2025-01-26,QLD1,6711.916666666667,8598.71,5566.29,483258.0
2025-01-26,SA1,1376.948298611111,2311.6,534.28,99140.2775
2025-01-26,TAS1,915.8560416666667,1020.3,804.73,65941.635
2025-01-26,VIC1,3754.79875,5687.12,1771.24,270345.51
2025-01-27,NSW1,7968.189444444444,12128.62,6091.59,573709.6399999999
2025-01-27,QLD1,6834.590069444444,8841.07,5919.99,492090.485
2025-01-27,SA1,1609.178263888889,2028.53,1221.13,115860.83499999999
2025-01-27,TAS1,946.8330555555556,1104.14,848.6,68171.98
2025-01-27,VIC1,5080.582430555555,8733.41,3272.48,365801.93499999994
2025-01-28,NSW1,9075.372465277776,12078.8,6885.91,653426.8174999999
2025-01-28,QLD1,6986.750138888889,9504.93,5558.02,503046.01
2025-01-28,SA1,1245.1444097222222,1709.49,416.38,89650.39749999999
2025-01-28,TAS1,973.8646180555556,1105.8,872.14,70118.2525
2025-01-28,VIC1,4257.453125,5666.66,2861.11,306536.625
2025-01-29,NSW1,7504.860347222222,9156.74,6409.42,540349.945
2025-01-29,QLD1,7156.476354166667,9464.41,6052.92,515266.2975
2025-01-29,SA1,1103.608263888889,1689.79,182.93,79459.795
2025-01-29,TAS1,1016.5131597222222,1126.66,915.86,73188.9475
2025-01-29,VIC1,4064.5143749999997,5620.17,2669.96,292645.035
2025-01-30,NSW1,7722.807916666667,9385.95,6168.56,556042.1699999999
2025-01-30,QLD1,7132.847916666667,9374.82,5817.09,513565.04999999993
2025-01-30,SA1,1115.9185416666667,1695.96,264.88,80346.135
2025-01-30,TAS1,1005.2082986111111,1125.37,895.38,72374.9975
2025-01-30,VIC1,4226.517222222222,5618.05,2515.81,304309.24
2025-01-31,NSW1,7492.564965277777,9661.75,6258.91,539464.6775
2025-01-31,QLD1,7309.055833333334,9335.6,6194.45,526252.02
2025-01-31,SA1,1173.9725347222222,1774.34,289.17,84526.02249999999
2025-01-31,TAS1,1013.0323958333333,1111.99,916.46,72938.33249999999
2025-01-31,VIC1,4247.6187152777775,5841.01,2600.14,305828.5475
2025-02-01,NSW1,7034.512717770035,8674.47,5808.45,504726.2875
2025-02-01,QLD1,6764.363031358886,8449.71,5529.18,485343.0475
2025-02-01,SA1,1373.912961672474,2216.05,608.99,98578.255
2025-02-01,TAS1,954.5856097560975,1063.21,826.92,68491.51749999999
2025-02-01,VIC1,4696.00763066202,7926.25,2416.72,336938.5475
2025-02-02,NSW1,6843.860590277777,9247.88,5193.17,492757.96249999997
2025-02-02,QLD1,6326.7728472222225,8204.34,4701.78,455527.645
2025-02-02,SA1,1684.4983333333334,2742.82,944.67,121283.88
2025-02-02,TAS1,938.6675694444444,1155.97,818.53,67584.065
2025-02-02,VIC1,5791.518368055556,9432.54,3982.03,416989.3225
2025-02-03,NSW1,8031.336805555556,10940.4,6343.54,578256.25
2025-02-03,QLD1,6872.873159722222,8836.79,5927.14,494846.8675
2025-02-03,SA1,2136.9431944444445,3150.17,1656.3,153859.90999999997
2025-02-03,TAS1,1015.6780208333334,1143.5,890.86,73128.8175
2025-02-03,VIC1,6665.329722222222,9490.53,4559.14,479903.74
2025-02-04,NSW1,8602.966006944444,11956.06,6557.8,619413.5525
2025-02-04,QLD1,6922.006770833333,8648.51,5904.52,498384.48749999993
2025-02-04,SA1,1812.5425694444446,2186.25,1392.38,130503.065
2025-02-04,TAS1,1023.1075694444444,1129.23,887.61,73663.745
2025-02-04,VIC1,6156.985173611111,8126.73,4658.39,443302.9325
2025-02-05,NSW1,8756.599201388888,10760.41,7030.08,630475.1425
2025-02-05,QLD1,6970.871875,8166.95,5966.96,501902.77499999997
2025-02-05,SA1,1313.3014583333334,1923.77,468.54,94557.70499999999
2025-02-05,TAS1,995.3870138888889,1166.24,872.07,71667.86499999999
2025-02-05,VIC1,4396.935173611111,6267.99,2655.3,316579.3325
2025-02-06,NSW1,8198.318993055556,11276.23,6561.71,590278.9675
2025-02-06,QLD1,6646.1646527777775,8406.71,5619.34,478523.855
2025-02-06,SA1,1480.2481597222222,2270.01,779.45,106577.8675
2025-02-06,TAS1,986.1810069444444,1149.29,824.95,71005.0325
2025-02-06,VIC1,5767.647361111111,8772.68,4092.06,415270.61
2025-02-07,NSW1,8375.535833333333,11505.77,6714.86,603038.58
2025-02-07,QLD1,6476.3575,8048.11,5422.1,466297.74
2025-02-07,SA1,1209.5929166666667,1659.28,467.12,87090.69
2025-02-07,TAS1,1005.9177430555557,1125.34,905.53,72426.0775
2025-02-07,VIC1,5139.742326388889,5863.46,4421.95,370061.4475
2025-02-08,NSW1,7510.203576388889,9623.78,6377.63,540734.6575
2025-02-08,QLD1,6012.752777777779,8000.25,4606.46,432918.2
2025-02-08,SA1,1018.8230902777779,1523.96,107.83,73355.2625
2025-02-08,TAS1,1015.1750694444445,1129.61,921.56,73092.605
2025-02-08,VIC1,4062.291423611111,5091.91,3117.2,292484.9825
2025-02-09,NSW1,7213.2169791666665,9945.88,5679.25,519351.62249999994
2025-02-09,QLD1,6130.635902777778,8512.62,4567.72,441405.785
2025-02-09,SA1,1083.1452083333334,1712.38,240.71,77986.45499999999
2025-02-09,TAS1,971.7528125,1131.88,855.15,69966.2025
2025-02-09,VIC1,3692.1963541666664,5205.76,2262.16,265838.13749999995
2025-02-10,NSW1,7760.463541666667,9187.04,6524.04,558753.375
2025-02-10,QLD1,6845.38795138889,9092.68,5659.95,492867.9325
2025-02-10,SA1,1447.010625,2343.78,615.33,104184.76499999998
2025-02-10,TAS1,998.1973958333334,1155.43,873.41,71870.2125
2025-02-10,VIC1,4406.368819444445,5887.64,3442.67,317258.555
2025-02-11,NSW1,7437.535659722222,9093.48,6057.66,535502.5674999999
2025-02-11,QLD1,7076.864131944445,9358.19,5944.92,509534.2175
2025-02-11,SA1,1860.2813541666667,2990.92,1271.46,133940.2575
2025-02-11,TAS1,993.0403124999999,1132.6,871.28,71498.9025
2025-02-11,VIC1,5197.923576388888,7913.38,3663.94,374250.49749999994
2025-02-12,NSW1,7573.951423611112,9919.63,6198.86,545324.5025
2025-02-12,QLD1,7153.631006944445,9384.15,5967.59,515061.4325
2025-02-12,SA1,2215.265034722222,3326.91,1733.96,159499.0825
2025-02-12,TAS1,949.875,1112.03,831.64,68391.0
2025-02-12,VIC1,6039.7657291666665,9120.97,4543.58,434863.13249999995
2025-02-13,NSW1,8139.985868055555,10865.85,6512.04,586078.9824999999
2025-02-13,QLD1,7092.728194444445,9043.51,5934.47,510676.43
2025-02-13,SA1,1610.1463194444443,2185.9,796.51,115930.53499999999
2025-02-13,TAS1,953.8632638888889,1159.58,789.2,68678.155
2025-02-13,VIC1,6002.867951388889,8944.43,4434.52,432206.4925
2025-02-14,NSW1,8273.807465277778,9591.16,6977.33,595714.1375
2025-02-14,QLD1,7147.906319444444,9171.66,6125.96,514649.25499999995
2025-02-14,SA1,1251.6327777777778,1680.36,495.57,90117.56
2025-02-14,TAS1,945.1417361111111,1078.45,853.28,68050.20499999999
2025-02-14,VIC1,4446.926041666667,5489.32,3472.4,320178.675
2025-02-15,NSW1,6603.588958333334,8539.64,4433.04,475458.405
2025-02-15,QLD1,7028.563645833334,9240.29,5526.88,506056.5825
2025-02-15,SA1,1104.9941319444445,1551.19,317.64,79559.5775
2025-02-15,TAS1,910.2197569444444,1036.45,831.83,65535.822499999995
2025-02-15,VIC1,3710.8027430555553,4712.9,2585.68,267177.7975
2025-02-16,NSW1,5485.598229166667,7817.55,2532.25,394963.0725
2025-02-16,QLD1,6709.495208333334,9375.51,4891.15,483083.655
2025-02-16,SA1,936.0857986111112,1482.28,-110.47,67398.17749999999
2025-02-16,TAS1,942.8417708333334,1105.71,823.98,67884.6075
2025-02-16,VIC1,3656.6446874999997,4982.92,2310.01,263278.4175
2025-02-17,NSW1,6151.692430555555,8254.65,3860.04,442921.855
2025-02-17,QLD1,6769.290277777777,8574.54,5275.48,487388.89999999997
2025-02-17,SA1,1118.5556597222221,1711.5,212.25,80536.00749999999
2025-02-17,TAS1,992.7063194444445,1171.89,870.33,71474.855
2025-02-17,VIC1,3998.513715277778,5587.81,2172.32,287892.9875
2025-02-18,NSW1,6562.034930555556,8803.67,4375.32,472466.51499999996
2025-02-18,QLD1,6716.799861111112,8670.33,5604.97,483609.58999999997
2025-02-18,SA1,1172.8449305555555,1713.08,281.29,84444.83499999999
2025-02-18,TAS1,913.8906944444444,1101.37,751.14,65800.12999999999
2025-02-18,VIC1,4168.0334375,5464.15,2656.82,300098.4075
2025-02-19,NSW1,6889.713819444445,9089.72,5328.35,496059.395
2025-02-19,QLD1,6752.785347222222,8501.06,5705.71,486200.545
2025-02-19,SA1,1123.2777083333333,1608.61,203.35,80875.995
2025-02-19,TAS1,929.4126041666667,1116.36,793.67,66917.70749999999
2025-02-19,VIC1,4314.295208333333,5552.13,3325.68,310629.255
2025-02-20,NSW1,7181.177569444444,8691.16,6009.36,517044.785
2025-02-20,QLD1,6526.863958333333,8676.17,5067.99,469934.20499999996
2025-02-20,SA1,1147.1792708333332,1721.56,234.13,82596.9075
2025-02-20,TAS1,1030.2408680555554,1177.1,880.18,74177.3425
2025-02-20,VIC1,4204.501284722222,5527.32,2317.21,302724.09249999997
2025-02-21,NSW1,7057.302708333334,8580.08,5884.4,508125.795
2025-02-21,QLD1,6458.396458333334,8306.24,5169.85,465004.545
2025-02-21,SA1,1279.0709027777777,2009.04,382.66,92093.105
2025-02-21,TAS1,1039.0628472222222,1214.8,907.19,74812.525
2025-02-21,VIC1,4606.594930555556,6917.06,2526.48,331674.83499999996
2025-02-22,NSW1,6721.888298611111,9042.72,4743.34,483975.9575
2025-02-22,QLD1,6044.071354166667,7960.71,4288.3,435173.1375
2025-02-22,SA1,1595.2941666666666,2326.96,947.57,114861.18
2025-02-22,TAS1,950.6446527777778,1145.02,836.78,68446.415
2025-02-22,VIC1,5496.8857638888885,8570.57,3892.86,395775.77499999997
2025-02-23,NSW1,6828.606979166666,9275.89,4416.1,491659.70249999996
2025-02-23,QLD1,6038.732986111111,8351.94,4323.45,434788.77499999997
2025-02-23,SA1,1125.7719791666666,1675.4,218.47,81055.58249999999
2025-02-23,TAS1,978.0513888888889,1080.87,847.13,70419.7
2025-02-23,VIC1,4928.992430555555,6016.79,3806.76,354887.45499999996
2025-02-24,NSW1,7721.346111111111,10003.52,6368.57,555936.9199999999
2025-02-24,QLD1,6838.916006944444,9174.65,5504.07,492401.95249999996
2025-02-24,SA1,1229.0419791666666,1743.43,396.91,88491.02249999999
2025-02-24,TAS1,1019.8215277777779,1188.58,897.88,73427.15
2025-02-24,VIC1,4390.085694444445,5923.07,3045.46,316086.17
2025-02-25,NSW1,7804.903888888889,9048.17,6630.67,561953.08
2025-02-25,QLD1,6678.795798611111,8893.92,5442.14,480873.2975
2025-02-25,SA1,1378.2359375,2232.37,521.55,99232.9875
2025-02-25,TAS1,1064.248576388889,1269.14,926.16,76625.89749999999
2025-02-25,VIC1,4516.619965277778,6532.76,2909.64,325196.63749999995
2025-02-26,NSW1,7793.705,10445.46,6327.83,561146.76
2025-02-26,QLD1,6427.736944444444,8628.66,5067.37,462797.05999999994
2025-02-26,SA1,1466.6739583333333,2130.1,778.29,105600.525
2025-02-26,TAS1,1036.6313541666666,1180.05,933.87,74637.45749999999
2025-02-26,VIC1,5172.374201388889,7552.0,3796.64,372410.94249999995
2025-02-27,NSW1,8408.187569444444,11224.86,6929.43,605389.5049999999
2025-02-27,QLD1,6510.143611111112,8731.9,5101.75,468730.33999999997
2025-02-27,SA1,1508.428576388889,2197.79,749.02,108606.8575
2025-02-27,TAS1,1102.3515625,1286.1,973.02,79369.3125
2025-02-27,VIC1,4855.700972222222,6918.96,3266.24,349610.47
2025-02-28,NSW1,8848.676770833334,12210.48,6957.86,637104.7275
2025-02-28,QLD1,6449.115763888888,8586.64,4903.47,464336.33499999996
2025-02-28,SA1,1520.7865972222223,2120.35,846.9,109496.63500000001
2025-02-28,TAS1,1034.1181944444445,1189.7,915.33,74456.51
2025-02-28,VIC1,4750.062986111111,6568.21,3712.48,342004.535
2025-03-01,NSW1,8156.728013937282,11631.84,6023.48,585245.235
2025-03-01,QLD1,6236.28299651568,8249.23,4687.86,447453.305
2025-03-01,SA1,1195.0319512195122,1661.82,361.29,85743.5425
2025-03-01,TAS1,1006.0010801393729,1137.19,891.23,72180.5775
2025-03-01,VIC1,4011.550557491289,5444.76,2404.18,287828.75249999994
2025-03-02,NSW1,7493.059791666667,9327.7,6213.09,539500.3049999999
2025-03-02,QLD1,6222.057708333334,8657.8,4556.83,447988.155
2025-03-02,SA1,1104.6613888888887,1599.6,303.95,79535.62
2025-03-02,TAS1,1011.075173611111,1170.01,895.24,72797.41249999999
2025-03-02,VIC1,3960.586909722222,5244.11,2679.09,285162.25749999995
2025-03-03,NSW1,7642.164791666666,9011.1,6447.69,550235.865
2025-03-03,QLD1,6941.581354166667,8878.44,5898.82,499793.8575
2025-03-03,SA1,1170.2402430555555,1726.67,301.63,84257.29749999999
2025-03-03,TAS1,1057.3098263888887,1225.89,884.17,76126.3075
2025-03-03,VIC1,4114.300972222222,5863.43,2458.03,296229.67
2025-03-04,NSW1,7387.577013888889,9037.53,6152.37,531905.5449999999
2025-03-04,QLD1,6906.357638888889,8965.03,5732.45,497257.75
2025-03-04,SA1,1300.607638888889,2041.25,496.32,93643.75
2025-03-04,TAS1,1055.4743055555557,1243.82,904.65,75994.15
2025-03-04,VIC1,4808.538020833334,7527.9,2878.59,346214.7375
2025-03-05,NSW1,7377.314166666667,9209.22,5920.13,531166.62
2025-03-05,QLD1,6918.772361111111,8554.63,5624.17,498151.61
2025-03-05,SA1,1357.4777777777779,1975.78,667.47,97738.4
2025-03-05,TAS1,1023.7281597222222,1211.63,880.17,73708.42749999999
2025-03-05,VIC1,5248.108611111111,7241.1,4166.95,377863.81999999995
2025-03-06,NSW1,7558.18625,9279.16,6449.69,544189.4099999999
2025-03-06,QLD1,6552.286597222223,8168.08,5473.37,471764.635
2025-03-06,SA1,1269.8282291666667,1777.92,340.23,91427.6325
2025-03-06,TAS1,1090.308125,1255.92,973.86,78502.185
2025-03-06,VIC1,4837.513194444445,6171.82,3702.54,348300.94999999995
2025-03-07,NSW1,7478.372361111111,8737.17,6270.65,538442.8099999999
2025-03-07,QLD1,6467.2746875,8052.1,5665.82,465643.77749999997
2025-03-07,SA1,1474.6169097222223,2253.46,707.21,106172.4175
2025-03-07,TAS1,1081.5330555555556,1263.15,871.59,77870.38
2025-03-07,VIC1,4848.2977083333335,7098.73,3423.19,349077.435
2025-03-08,NSW1,7045.034791666666,8469.14,6060.82,507242.50499999995
2025-03-08,QLD1,6173.265243055555,7502.89,5534.75,444475.0975
2025-03-08,SA1,1561.2054861111112,2282.99,922.84,112406.795
2025-03-08,TAS1,1007.1264236111111,1130.47,849.57,72513.1025
2025-03-08,VIC1,4680.521874999999,7120.17,2875.55,336997.57499999995
2025-03-09,NSW1,7195.218194444444,9161.38,5687.44,518055.70999999996
2025-03-09,QLD1,6345.939236111111,7676.54,5515.94,456907.625
2025-03-09,SA1,1585.6988194444446,2573.92,928.84,114170.315
2025-03-09,TAS1,1016.6535763888888,1247.03,919.81,73199.0575
2025-03-09,VIC1,4977.054305555555,7968.8,3211.27,358347.91
2025-03-10,NSW1,7937.8665972222225,9240.69,6322.82,571526.395
2025-03-10,QLD1,6809.4146527777775,8085.23,5676.65,490277.855
2025-03-10,SA1,1768.1334027777777,2698.16,1231.16,127305.605
2025-03-10,TAS1,1071.4755555555555,1273.82,942.52,77146.23999999999
2025-03-10,VIC1,5527.915590277778,8508.96,4101.38,398009.9225
2025-03-11,NSW1,7845.029062500001,9205.44,6482.82,564842.0925
2025-03-11,QLD1,6600.166076388889,8265.05,5699.93,475211.9575
2025-03-11,SA1,1727.7206250000002,2129.81,1322.73,124395.88500000001
2025-03-11,TAS1,966.4259375,1144.66,853.78,69582.6675
2025-03-11,VIC1,6041.213229166668,8476.01,4446.71,434967.35250000004
2025-03-12,NSW1,7697.514618055556,9480.95,6480.31,554221.0525
2025-03-12,QLD1,6610.753715277778,8381.46,5618.58,475974.26749999996
2025-03-12,SA1,1589.5499305555554,2362.88,1030.28,114447.59499999999
2025-03-12,TAS1,1011.7227430555555,1138.82,861.52,72844.03749999999
2025-03-12,VIC1,5935.233472222222,7926.43,4549.92,427336.80999999994
2025-03-13,NSW1,7932.511458333333,11107.8,6038.69,571140.825
2025-03-13,QLD1,6549.833541666666,8654.74,5138.75,471588.01499999996
2025-03-13,SA1,1393.6450694444445,2205.53,605.4,100342.445
2025-03-13,TAS1,1051.417673611111,1234.78,877.6,75702.0725
2025-03-13,VIC1,5198.970625,6635.58,3759.8,374325.885
2025-03-14,NSW1,8649.541458333333,12246.45,6779.8,622766.985
2025-03-14,QLD1,6513.083506944445,8167.63,5175.34,468942.0125
2025-03-14,SA1,1610.7150694444445,2496.27,962.48,115971.485
2025-03-14,TAS1,1032.317326388889,1213.94,865.87,74326.8475
2025-03-14,VIC1,5033.607777777778,6592.38,3574.85,362419.76
2025-03-15,NSW1,8554.11125,12152.1,6474.38,615896.01
2025-03-15,QLD1,6177.307673611112,7962.47,4661.0,444766.15249999997
2025-03-15,SA1,1908.1950347222223,2835.64,1413.89,137390.04249999998
2025-03-15,TAS1,1056.6794791666666,1296.61,902.52,76080.92249999999
2025-03-15,VIC1,5430.774444444444,7462.28,4119.57,391015.76
2025-03-16,NSW1,8689.02826388889,12157.6,6802.88,625610.0349999999
2025-03-16,QLD1,6136.5296875,8295.56,4631.68,441830.1375
2025-03-16,SA1,1380.1740277777778,1908.89,676.7,99372.53
2025-03-16,TAS1,969.3084375,1140.73,828.54,69790.20749999999
2025-03-16,VIC1,4575.047430555555,5197.84,3953.62,329403.415
2025-03-17,NSW1,6823.75125,8605.51,4537.33,491310.08999999997
2025-03-17,QLD1,6734.6634375,8809.8,5311.64,484895.76749999996
2025-03-17,SA1,1138.4598958333333,1622.59,279.21,81969.11249999999
2025-03-17,TAS1,1052.1505555555555,1293.01,914.73,75754.84
2025-03-17,VIC1,4415.1296180555555,5698.05,3131.77,317889.33249999996
2025-03-18,NSW1,6961.197430555556,8706.39,5416.41,501206.21499999997
2025-03-18,QLD1,6737.357673611112,8092.33,5854.51,485089.7525
2025-03-18,SA1,1108.1089583333332,1672.25,198.28,79783.845
2025-03-18,TAS1,1089.469513888889,1315.7,958.66,78441.805
2025-03-18,VIC1,4357.359722222222,5889.97,2469.04,313729.89999999997
2025-03-19,NSW1,7292.3403125,9664.84,5126.11,525048.5025
2025-03-19,QLD1,6627.074513888889,8139.62,5606.76,477149.365
2025-03-19,SA1,1238.5885069444444,1939.29,411.09,89178.3725
2025-03-19,TAS1,1048.2505555555556,1259.57,831.09,75474.04
2025-03-19,VIC1,4794.773680555555,6904.68,3191.43,345223.70499999996
2025-03-20,NSW1,7931.002187499999,10831.16,6206.66,571032.1575
2025-03-20,QLD1,6752.162465277778,8531.1,5665.08,486155.6975
2025-03-20,SA1,1568.4964583333333,1881.44,1147.89,112931.745
2025-03-20,TAS1,1090.740486111111,1247.02,920.11,78533.315
2025-03-20,VIC1,5234.469652777778,6227.32,3898.65,376881.815
2025-03-21,NSW1,7888.127777777779,9407.25,6547.07,567945.2
2025-03-21,QLD1,6807.667743055556,8737.36,5684.14,490152.07749999996
2025-03-21,SA1,1170.0803819444443,1644.03,375.14,84245.78749999999
2025-03-21,TAS1,1081.6426388888888,1256.66,958.34,77878.26999999999
2025-03-21,VIC1,4747.249583333333,5669.83,4039.99,341801.97
2025-03-22,NSW1,7012.8336805555555,8735.65,5025.04,504924.02499999997
2025-03-22,QLD1,6701.042118055555,8665.22,5204.09,482475.0325
2025-03-22,SA1,1020.2464930555556,1487.86,163.36,73457.7475
2025-03-22,TAS1,1058.9462847222221,1203.5,947.48,76244.13249999999
2025-03-22,VIC1,3818.437222222222,5127.4,1930.55,274927.48
2025-03-23,NSW1,7188.753680555556,8664.32,6200.24,517590.26499999996
2025-03-23,QLD1,6651.802673611111,8510.62,5574.59,478929.7925
2025-03-23,SA1,1014.0510416666666,1593.23,111.79,73011.67499999999
2025-03-23,TAS1,1074.9196875,1207.84,917.56,77394.2175
2025-03-23,VIC1,3766.0153819444445,5310.12,2018.16,271153.1075
2025-03-24,NSW1,7750.958541666666,9290.88,6173.26,558069.0149999999
2025-03-24,QLD1,6945.054895833333,8630.81,5961.16,500043.95249999996
2025-03-24,SA1,1198.1815277777778,1752.09,377.54,86269.06999999999
2025-03-24,TAS1,1070.5084027777777,1275.98,946.83,77076.605
2025-03-24,VIC1,4489.635868055556,5639.11,3302.35,323253.7825
2025-03-25,NSW1,7724.426006944444,9283.91,6378.46,556158.6725
2025-03-25,QLD1,7057.2215625,8364.54,5996.39,508119.95249999996
2025-03-25,SA1,1239.701423611111,1813.24,460.42,89258.5025
2025-03-25,TAS1,1005.7779513888889,1225.16,879.97,72416.0125
2025-03-25,VIC1,4470.473506944444,5900.67,2968.45,321874.09249999997
2025-03-26,NSW1,7594.930763888889,9537.31,6403.05,546835.0149999999
2025-03-26,QLD1,7040.890347222222,8316.67,6001.15,506944.105
2025-03-26,SA1,1364.329652777778,1949.03,622.69,98231.735
2025-03-26,TAS1,915.6911805555557,1111.18,784.93,65929.765
2025-03-26,VIC1,4553.880520833333,5671.85,3412.87,327879.39749999996
2025-03-27,NSW1,7535.883784722222,9138.95,6242.45,542583.6325
2025-03-27,QLD1,6964.481354166666,8308.17,5857.02,501442.6575
2025-03-27,SA1,1317.5629166666668,1883.09,521.12,94864.53
2025-03-27,TAS1,966.4546527777777,1169.45,832.05,69584.73499999999
2025-03-27,VIC1,4303.595451388889,5864.22,2710.87,309858.8725
2025-03-28,NSW1,7698.484687499999,8891.81,6384.9,554290.8975
2025-03-28,QLD1,7003.784791666666,8077.42,5846.37,504272.50499999995
2025-03-28,SA1,1453.8772916666667,2055.26,875.51,104679.165
2025-03-28,TAS1,967.4009375,1217.04,853.2,69652.8675
2025-03-28,VIC1,4897.382152777777,6329.77,3883.57,352611.51499999996
2025-03-29,NSW1,7353.749618055555,8219.08,6297.18,529469.9724999999
2025-03-29,QLD1,6687.637708333334,7982.23,5879.49,481509.91500000004
2025-03-29,SA1,1203.5314930555555,1676.06,518.78,86654.26749999999
2025-03-29,TAS1,964.4016319444445,1072.27,814.55,69436.9175
2025-03-29,VIC1,4292.937465277778,4816.74,3540.11,309091.4975
2025-03-30,NSW1,6606.719444444444,8440.79,5022.18,475683.79999999993
2025-03-30,QLD1,6431.091562500001,8828.13,4751.62,463038.5925
2025-03-30,SA1,1017.0818055555557,1555.62,32.99,73229.89
2025-03-30,TAS1,1034.4510416666667,1173.62,935.3,74480.47499999999
2025-03-30,VIC1,3672.529027777778,4894.68,2457.69,264422.08999999997
2025-03-31,NSW1,7117.477361111111,8790.38,5996.65,512458.37
2025-03-31,QLD1,6799.282430555555,8820.02,5279.58,489548.33499999996
2025-03-31,SA1,1236.6816319444445,1651.52,493.67,89041.07749999998
2025-03-31,TAS1,1071.3011458333333,1252.35,847.39,77133.6825
2025-03-31,VIC1,4143.724965277778,5435.58,3154.07,298348.1975
2025-04-01,NSW1,7038.3630662020905,8545.74,5726.35,505002.54999999993
2025-04-01,QLD1,6802.582857142857,8404.48,5861.33,488085.31999999995
2025-04-01,SA1,1161.0520557491288,1695.78,369.19,83305.48499999999
2025-04-01,TAS1,1120.716550522648,1346.94,911.75,80411.41249999999
2025-04-01,VIC1,4193.3593728222995,5482.87,2750.0,300873.535
2025-04-02,NSW1,6940.276597222221,8541.35,5176.91,499699.9149999999
2025-04-02,QLD1,7065.505,8256.21,5849.67,508716.36
2025-04-02,SA1,1175.1570833333333,1720.25,396.31,84611.31
2025-04-02,TAS1,1108.2992708333334,1295.42,964.84,79797.54749999999
2025-04-02,VIC1,4397.546944444444,5756.67,2905.09,316623.38
2025-04-03,NSW1,6804.330104166666,8778.11,4816.77,489911.76749999996
2025-04-03,QLD1,6813.120416666667,8465.93,5708.5,490544.67
2025-04-03,SA1,1267.8930555555557,1670.83,685.09,91288.3
2025-04-03,TAS1,1113.5259722222222,1338.8,967.91,80173.87
2025-04-03,VIC1,4466.705868055556,5659.38,3262.6,321602.8225
2025-04-04,NSW1,6900.904861111111,8553.83,5156.48,496865.14999999997
2025-04-04,QLD1,6585.251319444444,7944.64,5765.1,474138.095
2025-04-04,SA1,1233.589861111111,1624.22,619.42,88818.46999999999
2025-04-04,TAS1,1089.1737152777778,1306.57,953.71,78420.50749999999
2025-04-04,VIC1,4635.260381944445,5885.79,3783.24,333738.7475
2025-04-05,NSW1,6030.376701388888,7989.1,3490.99,434187.12249999994
2025-04-05,QLD1,5961.73170138889,7916.38,4233.9,429244.6825
2025-04-05,SA1,1065.758576388889,1515.78,187.95,76734.6175
2025-04-05,TAS1,1070.4991319444443,1232.99,955.5,77075.9375
2025-04-05,VIC1,3841.0236458333334,5132.91,1987.45,276553.7025
2025-04-06,NSW1,6074.845243055555,8347.28,3619.78,437388.8575
2025-04-06,QLD1,5869.074722222222,7791.51,4302.17,422573.37999999995
2025-04-06,SA1,1074.1667361111113,1650.65,177.39,77340.005
2025-04-06,TAS1,1079.1821527777777,1293.63,911.53,77701.11499999999
2025-04-06,VIC1,4006.415520833333,5430.44,2605.34,288461.9175
2025-04-07,NSW1,6561.484201388888,8681.32,4402.9,472426.86249999993
2025-04-07,QLD1,6054.005590277778,8101.58,4461.16,435888.40249999997
2025-04-07,SA1,1248.4022569444444,1754.64,508.89,89884.9625
2025-04-07,TAS1,1134.268784722222,1373.99,935.15,81667.3525
2025-04-07,VIC1,4690.197604166667,6277.72,3655.92,337694.2275
2025-04-08,NSW1,6987.088402777777,8850.51,5710.55,503070.365
2025-04-08,QLD1,6160.295729166666,7958.93,4837.15,443541.2925
2025-04-08,SA1,1178.7665277777778,1772.6,284.5,84871.19
2025-04-08,TAS1,1115.9275347222222,1319.43,970.98,80346.7825
2025-04-08,VIC1,4830.205138888889,6237.44,3772.36,347774.77
2025-04-09,NSW1,6914.785659722222,8813.76,5440.79,497864.56749999995
2025-04-09,QLD1,6128.344131944445,7772.06,4767.6,441240.77749999997
2025-04-09,SA1,1440.4026041666668,1787.59,1055.3,103708.9875
2025-04-09,TAS1,1119.9133333333334,1365.81,943.26,80633.76
2025-04-09,VIC1,4630.938229166666,6047.19,2988.89,333427.5525
2025-04-10,NSW1,7088.398958333333,9002.36,5908.59,510364.725
2025-04-10,QLD1,6097.697847222223,7907.69,4601.17,439034.245
2025-04-10,SA1,1258.2601388888888,1836.95,476.05,90594.73
2025-04-10,TAS1,1104.8846527777778,1280.89,1000.94,79551.69499999999
2025-04-10,VIC1,4481.7003125,6039.08,2923.55,322682.4225
2025-04-11,NSW1,6956.404513888889,8872.1,5277.63,500861.125
2025-04-11,QLD1,6170.221319444444,7942.68,4968.71,444255.93499999994
2025-04-11,SA1,1222.0622916666669,1775.54,493.6,87988.485
2025-04-11,TAS1,1061.5655208333333,1208.22,924.91,76432.7175
2025-04-11,VIC1,4675.754548611111,5962.4,3600.71,336654.3275
2025-04-12,NSW1,6595.9506249999995,8393.08,5099.22,474908.44499999995
2025-04-12,QLD1,6123.777326388889,7558.84,5116.13,440911.9675
2025-04-12,SA1,1219.9160069444445,1871.23,493.02,87833.95249999998
2025-04-12,TAS1,1066.1219791666667,1175.2,957.35,76760.7825
2025-04-12,VIC1,4149.193854166667,5757.97,2380.4,298741.9575
2025-04-13,NSW1,6400.557777777778,8577.14,4549.35,460840.16
2025-04-13,QLD1,5707.681874999999,7596.2,4034.48,410953.095
2025-04-13,SA1,1332.9031944444446,2029.53,689.51,95969.03
2025-04-13,TAS1,1049.552048611111,1229.39,940.92,75567.7475
2025-04-13,VIC1,4204.598506944444,6165.92,2611.82,302731.09249999997
2025-04-14,NSW1,6987.231493055555,9184.11,5400.29,503080.6675
2025-04-14,QLD1,6163.017430555555,7857.79,4931.61,443737.25499999995
2025-04-14,SA1,1479.3183333333334,2176.92,906.58,106510.92
2025-04-14,TAS1,1088.2163541666666,1310.26,918.33,78351.5775
2025-04-14,VIC1,4745.072395833333,6116.97,3741.22,341645.21249999997
2025-04-15,NSW1,7016.414861111111,8766.74,5393.37,505181.87
2025-04-15,QLD1,6059.820624999999,7814.49,4827.62,436307.08499999996
2025-04-15,SA1,1564.9408680555555,2108.68,1052.52,112675.7425
2025-04-15,TAS1,1078.614236111111,1267.41,885.31,77660.22499999999
2025-04-15,VIC1,4673.938020833333,6301.08,3191.61,336523.5375
2025-04-16,NSW1,6924.6329166666665,8702.66,5656.57,498573.56999999995
2025-04-16,QLD1,5889.623472222222,7745.7,4232.4,424052.88999999996
2025-04-16,SA1,1488.0521875000002,2151.39,885.91,107139.7575
2025-04-16,TAS1,1010.1944444444445,1202.95,837.09,72734.0
2025-04-16,VIC1,4757.635868055556,6221.43,3937.05,342549.7825
2025-04-17,NSW1,6862.29173611111,8642.26,5400.53,494085.00499999995
2025-04-17,QLD1,5826.417465277778,7671.26,3924.82,419502.0575
2025-04-17,SA1,1382.6219791666665,1865.25,796.03,99548.78249999999
2025-04-17,TAS1,1033.8744444444444,1179.51,919.06,74438.95999999999
2025-04-17,VIC1,4805.862534722222,6428.43,3650.47,346022.1025
2025-04-18,NSW1,5987.73951388889,8009.66,3651.42,431117.245
2025-04-18,QLD1,5419.083923611111,7222.71,3549.95,390174.0425
2025-04-18,SA1,1136.0118055555556,1679.45,504.49,81792.84999999999
2025-04-18,TAS1,1011.9692708333333,1151.22,887.29,72861.78749999999
2025-04-18,VIC1,4166.649409722222,5546.11,2628.85,299998.75749999995
2025-04-19,NSW1,6146.3528125,8312.07,3980.25,442537.40249999997
2025-04-19,QLD1,5554.660243055556,7378.21,3817.54,399935.5375
2025-04-19,SA1,1347.5957986111111,1666.0,944.58,97026.89749999999
2025-04-19,TAS1,1023.4293055555556,1206.6,880.02,73686.91
2025-04-19,VIC1,4167.752152777778,5400.13,3309.24,300078.15499999997
2025-04-20,NSW1,6055.129131944444,8178.98,3810.65,435969.2975
2025-04-20,QLD1,5641.020868055556,7471.39,4048.51,406153.5025
2025-04-20,SA1,1176.9802083333334,1626.89,496.1,84742.575
2025-04-20,TAS1,1039.5045486111112,1201.17,900.44,74844.3275
2025-04-20,VIC1,3891.2713194444445,4943.77,2765.76,280171.535
2025-04-21,NSW1,6410.6990625,8459.61,4760.05,461570.3325
2025-04-21,QLD1,5848.449965277778,7865.31,4049.8,421088.39749999996
2025-04-21,SA1,1278.1459375000002,1675.55,929.27,92026.5075
2025-04-21,TAS1,1007.2623611111112,1141.16,899.9,72522.89
2025-04-21,VIC1,3912.9591319444444,5387.05,2600.44,281733.0575
2025-04-22,NSW1,7035.590868055555,8988.48,5874.1,506562.5425
2025-04-22,QLD1,5883.264548611111,7946.58,4067.0,423595.0475
2025-04-22,SA1,1205.6028125,1752.22,426.3,86803.4025
2025-04-22,TAS1,1087.3394097222222,1332.13,870.94,78288.4375
2025-04-22,VIC1,4523.17875,5995.34,3599.08,325668.87
2025-04-23,NSW1,7117.526006944444,8911.88,5943.36,512461.87249999994
2025-04-23,QLD1,5913.867395833333,7827.95,4130.81,425798.45249999996
2025-04-23,SA1,1175.4107638888888,1710.57,301.73,84629.575
2025-04-23,TAS1,1058.4139930555555,1234.01,939.95,76205.8075
2025-04-23,VIC1,4388.671944444444,5899.26,3046.26,315984.38
2025-04-24,NSW1,7033.904583333333,8880.76,5417.02,506441.12999999995
2025-04-24,QLD1,6270.695520833333,7746.94,5453.84,451490.07749999996
2025-04-24,SA1,1210.1900694444444,1730.86,410.29,87133.685
2025-04-24,TAS1,996.1941666666667,1141.69,874.03,71725.98
2025-04-24,VIC1,4496.824722222223,5967.77,3192.56,323771.38
2025-04-25,NSW1,6550.239965277778,8140.35,4978.91,471617.27749999997
2025-04-25,QLD1,5797.396319444444,7381.21,4507.12,417412.535
2025-04-25,SA1,1323.6166666666668,1630.09,969.18,95300.4
2025-04-25,TAS1,996.0970833333333,1163.13,857.3,71718.98999999999
2025-04-25,VIC1,4465.140625,5682.56,3357.23,321490.125
2025-04-26,NSW1,6832.900972222223,8580.67,5634.69,491968.87
2025-04-26,QLD1,5766.032673611112,7563.31,4228.83,415154.35250000004
2025-04-26,SA1,1110.144548611111,1594.53,370.86,79930.4075
2025-04-26,TAS1,1028.6405208333333,1229.23,919.54,74062.1175
2025-04-26,VIC1,4438.467013888889,5498.2,3713.32,319569.625
2025-04-27,NSW1,7112.490069444444,8704.32,5943.53,512099.285
2025-04-27,QLD1,5658.201319444445,7713.38,3828.22,407390.495
2025-04-27,SA1,1186.4480208333332,1663.67,706.85,85424.25749999999
2025-04-27,TAS1,1018.3301388888889,1236.88,807.25,73319.76999999999
2025-04-27,VIC1,4399.986770833333,5766.07,3716.59,316799.0475
2025-04-28,NSW1,7308.035173611111,9251.49,6041.37,526178.5325
2025-04-28,QLD1,5921.854583333334,8008.5,4083.44,426373.53
2025-04-28,SA1,1298.398611111111,1817.52,734.97,93484.69999999998
2025-04-28,TAS1,1106.68375,1300.58,942.08,79681.23
2025-04-28,VIC1,4965.082673611111,6370.22,3906.4,357485.95249999996
2025-04-29,NSW1,7261.0171875,9274.18,5684.58,522793.23749999993
2025-04-29,QLD1,6016.507951388889,7978.57,4249.17,433188.5725
2025-04-29,SA1,1312.1550347222221,1798.24,774.68,94475.16249999999
2025-04-29,TAS1,1127.7978819444445,1361.8,918.74,81201.4475
2025-04-29,VIC1,4968.148680555555,6341.92,4017.71,357706.70499999996
2025-04-30,NSW1,7580.979444444445,9602.15,6182.63,545830.52
2025-04-30,QLD1,6162.810868055555,8013.89,4751.9,443722.38249999995
2025-04-30,SA1,1260.5515625,1834.5,431.25,90759.7125
2025-04-30,TAS1,1125.8620486111113,1355.85,942.28,81062.0675
2025-04-30,VIC1,4732.737083333333,6407.73,3385.79,340757.06999999995
2025-05-01,NSW1,7421.020487804878,9634.06,5697.79,532458.22
2025-05-01,QLD1,5875.417073170731,7767.86,4112.43,421561.17499999993
2025-05-01,SA1,1259.1573170731706,1808.05,416.75,90344.53749999999
2025-05-01,TAS1,1184.1203135888502,1475.03,1010.94,84960.63249999999
2025-05-01,VIC1,4868.617142857142,6414.64,3335.24,349323.27999999997
2025-05-02,NSW1,7585.828368055555,9445.69,6209.52,546179.6425
2025-05-02,QLD1,6047.548159722222,7635.92,4884.54,435423.4675
2025-05-02,SA1,1221.231041666667,1727.99,347.8,87928.63500000001
2025-05-02,TAS1,1200.1319791666667,1459.84,1055.6,86409.5025
2025-05-02,VIC1,4901.020277777778,6446.16,3120.85,352873.45999999996
2025-05-03,NSW1,6950.194548611111,8808.6,4963.19,500414.00749999995
2025-05-03,QLD1,5611.1971875,7216.96,4073.63,404006.1975
2025-05-03,SA1,1167.0640624999999,1659.46,275.19,84028.61249999999
2025-05-03,TAS1,1103.3015972222222,1250.17,984.39,79437.715
2025-05-03,VIC1,4200.723194444444,5665.03,2217.22,302452.06999999995
2025-05-04,NSW1,6760.992222222222,8968.78,4542.08,486791.44
2025-05-04,QLD1,5493.97142361111,7213.93,3993.49,395565.94249999995
2025-05-04,SA1,1115.2952430555556,1608.42,361.01,80301.25749999999
2025-05-04,TAS1,1048.936076388889,1228.86,943.4,75523.39749999999
2025-05-04,VIC1,3963.05125,5629.16,2517.93,285339.68999999994
2025-05-05,NSW1,7239.476909722222,9398.66,5566.65,521242.33749999997
2025-05-05,QLD1,5670.544930555556,7647.62,4249.39,408279.235
2025-05-05,SA1,1276.9297916666667,1816.35,583.49,91938.945
2025-05-05,TAS1,1050.2085416666666,1239.78,902.63,75615.015
2025-05-05,VIC1,4439.260798611112,5994.65,3110.7,319626.77749999997
2025-05-06,NSW1,7166.2210069444445,9202.67,5733.84,515967.9125
2025-05-06,QLD1,6003.694027777778,7967.17,4748.57,432265.97
2025-05-06,SA1,1300.9843055555555,1853.34,564.82,93670.87
2025-05-06,TAS1,1060.241423611111,1221.47,902.75,76337.38249999999
2025-05-06,VIC1,4401.505798611111,5909.71,3226.72,316908.4175
2025-05-07,NSW1,7095.7325,9086.33,5389.29,510892.74
2025-05-07,QLD1,5916.115486111112,7904.54,4390.21,425960.315
2025-05-07,SA1,1338.1613194444444,1831.12,613.46,96347.61499999999
2025-05-07,TAS1,1100.0271875,1354.56,912.3,79201.95749999999
2025-05-07,VIC1,4673.002326388889,6113.93,3648.54,336456.1675
2025-05-08,NSW1,7439.395381944445,9548.35,6199.47,535636.4675
2025-05-08,QLD1,5956.087430555555,7948.5,4238.28,428838.295
2025-05-08,SA1,1254.4686458333333,1768.36,436.48,90321.7425
2025-05-08,TAS1,1129.2476736111112,1384.21,979.35,81305.83249999999
2025-05-08,VIC1,5052.3409375,6741.92,3722.6,363768.5475
2025-05-09,NSW1,7558.759652777778,9352.81,6196.86,544230.695
2025-05-09,QLD1,6072.672222222222,7575.12,4689.84,437232.39999999997
2025-05-09,SA1,1243.9926388888887,1739.07,382.95,89567.46999999999
2025-05-09,TAS1,1051.0354166666666,1328.45,929.59,75674.54999999999
2025-05-09,VIC1,5126.858923611111,6549.71,3793.34,369133.8425
2025-05-10,NSW1,7037.352326388889,8725.13,5328.39,506689.3675
2025-05-10,QLD1,5775.754965277778,7320.88,4562.33,415854.3575
2025-05-10,SA1,1140.1982291666666,1637.72,205.63,82094.27249999999
2025-05-10,TAS1,1049.4764236111112,1265.96,881.21,75562.30249999999
2025-05-10,VIC1,4546.564479166666,5979.54,2752.48,327352.64249999996
2025-05-11,NSW1,7034.147430555556,8858.49,5831.7,506458.615
2025-05-11,QLD1,5749.778506944444,7473.9,4603.57,413984.0525
2025-05-11,SA1,1122.778298611111,1660.67,259.74,80840.03749999999
2025-05-11,TAS1,1076.3814236111111,1289.62,960.63,77499.4625
2025-05-11,VIC1,4232.8003125000005,5681.7,2422.64,304761.6225
2025-05-12,NSW1,7568.191805555555,9536.97,6297.97,544909.8099999999
2025-05-12,QLD1,6184.100138888888,7945.35,5182.22,445255.20999999996
2025-05-12,SA1,1267.2664930555557,1808.36,509.93,91243.1875
2025-05-12,TAS1,1080.1169097222223,1338.94,868.52,77768.4175
2025-05-12,VIC1,4877.324027777778,6412.43,3539.88,351167.32999999996
2025-05-13,NSW1,7611.833402777777,9295.18,6369.33,548052.0049999999
2025-05-13,QLD1,6136.401666666667,7900.05,4735.99,441820.92
2025-05-13,SA1,1264.9398263888888,1772.22,503.52,91075.6675
2025-05-13,TAS1,1139.0014930555556,1385.31,964.32,82008.1075
2025-05-13,VIC1,5028.824861111111,6536.41,3538.31,362075.38999999996
2025-05-14,NSW1,7505.513090277777,9296.17,6068.61,540396.9424999999
2025-05-14,QLD1,6389.370555555556,7904.22,5422.96,460034.68
2025-05-14,SA1,1314.8836111111111,1815.06,582.07,94671.62
2025-05-14,TAS1,1072.5313541666667,1299.72,918.32,77222.25749999999
2025-05-14,VIC1,5013.4209375,6528.89,3516.64,360966.3075
2025-05-15,NSW1,7917.225243055556,9725.68,6444.99,570040.2175
2025-05-15,QLD1,6303.9596875,8014.92,5348.23,453885.0975
2025-05-15,SA1,1502.6575347222224,1921.05,1215.68,108191.3425
2025-05-15,TAS1,1100.2767361111112,1325.09,927.05,79219.92499999999
2025-05-15,VIC1,5317.106944444445,6734.25,4288.69,382831.7
2025-05-16,NSW1,7788.1852430555555,9330.86,6511.49,560749.3374999999
2025-05-16,QLD1,6388.894513888889,7749.46,5529.51,460000.405
2025-05-16,SA1,1495.1731597222224,1863.97,1198.9,107652.4675
2025-05-16,TAS1,1103.1163541666667,1355.56,893.25,79424.3775
2025-05-16,VIC1,5422.1678125,6798.2,4406.54,390396.0825
2025-05-17,NSW1,6977.814965277777,8858.58,5114.74,502402.6775
2025-05-17,QLD1,5904.863854166667,7442.61,4343.28,425150.1975
2025-05-17,SA1,1434.6871180555554,1935.9,968.14,103297.47249999999
2025-05-17,TAS1,1171.0909374999999,1417.48,975.74,84318.54749999999
2025-05-17,VIC1,5122.857777777778,6598.23,4053.49,368845.76
2025-05-18,NSW1,7555.785659722222,9816.57,6217.25,544016.5674999999
2025-05-18,QLD1,5574.401736111111,7507.91,3803.23,401356.92499999993
2025-05-18,SA1,1326.9524999999999,2005.56,413.65,95540.57999999999
2025-05-18,TAS1,1233.9046875,1462.34,1058.84,88841.13749999998
2025-05-18,VIC1,4942.522361111111,7112.39,3342.25,355861.61
2025-05-19,NSW1,8381.642361111111,10829.12,6514.58,603478.25
2025-05-19,QLD1,6007.913229166667,7847.7,4561.83,432569.7525
2025-05-19,SA1,1528.1515625,2211.55,645.28,110026.91249999999
2025-05-19,TAS1,1249.8680555555557,1515.74,1032.94,89990.5
2025-05-19,VIC1,5827.785277777778,7798.69,4134.4,419600.54000000004
2025-05-20,NSW1,8071.80875,10010.77,6608.77,581170.23
2025-05-20,QLD1,5940.456770833333,7771.08,4570.72,427712.8875
2025-05-20,SA1,1529.9649652777778,2175.39,603.34,110157.4775
2025-05-20,TAS1,1286.3879513888887,1522.19,1130.37,92619.9325
2025-05-20,VIC1,5870.437152777778,7837.37,3903.52,422671.475
2025-05-21,NSW1,8202.017916666666,10053.79,6595.86,590545.2899999999
2025-05-21,QLD1,5914.094548611111,7741.69,4403.79,425814.8075
2025-05-21,SA1,1604.9433333333334,2107.08,946.53,115555.92
2025-05-21,TAS1,1269.262673611111,1514.08,1026.51,91386.91249999999
2025-05-21,VIC1,5970.402395833334,8032.37,4415.77,429868.9725
2025-05-22,NSW1,8401.507465277778,10022.68,6516.59,604908.5375
2025-05-22,QLD1,5851.9397569444445,7665.63,4186.43,421339.6625
2025-05-22,SA1,1488.035,2112.65,615.49,107138.51999999999
2025-05-22,TAS1,1264.1878819444446,1521.85,1023.81,91021.5275
2025-05-22,VIC1,5878.405277777778,7639.4,4717.58,423245.18
2025-05-23,NSW1,7971.446631944444,9492.78,6497.85,573944.1575
2025-05-23,QLD1,5789.585902777778,7491.89,4058.09,416850.18499999994
2025-05-23,SA1,1479.8443750000001,2107.18,608.65,106548.795
2025-05-23,TAS1,1113.4022916666665,1390.42,957.22,80164.965
2025-05-23,VIC1,5688.709375,6953.43,4365.4,409587.075
2025-05-24,NSW1,7026.733090277778,8974.56,5208.91,505924.7825
2025-05-24,QLD1,5560.603090277778,7225.33,3865.8,400363.4225
2025-05-24,SA1,1379.0805555555557,1868.71,531.22,99293.8
2025-05-24,TAS1,1092.2562847222223,1268.78,955.84,78642.4525
2025-05-24,VIC1,4405.024027777778,5896.84,2787.52,317161.73
2025-05-25,NSW1,7312.444895833333,9584.45,5914.62,526496.0325
2025-05-25,QLD1,5496.312013888889,7496.22,3513.86,395734.46499999997
2025-05-25,SA1,1242.2621875,1806.07,407.17,89442.8775
2025-05-25,TAS1,1098.6791319444444,1329.41,924.75,79104.89749999999
2025-05-25,VIC1,4335.411076388888,6098.35,2652.76,312149.5975
2025-05-26,NSW1,8391.518368055556,10729.92,6515.25,604189.3225
2025-05-26,QLD1,6016.791284722222,7971.4,4630.85,433208.9725
2025-05-26,SA1,1667.116076388889,2271.48,1175.22,120032.3575
2025-05-26,TAS1,1187.8581597222221,1423.15,990.19,85525.78749999999
2025-05-26,VIC1,4770.046076388889,6325.2,3435.98,343443.3175
2025-05-27,NSW1,8016.093298611111,10786.23,6106.35,577158.7175
2025-05-27,QLD1,6161.549305555555,8049.52,4931.19,443631.54999999993
2025-05-27,SA1,1574.9402777777777,2068.06,932.35,113395.69999999998
2025-05-27,TAS1,1190.7745833333333,1435.01,988.98,85735.76999999999
2025-05-27,VIC1,5585.494479166668,7383.96,4031.14,402155.60250000004
2025-05-28,NSW1,7936.634895833333,10432.33,5640.43,571437.7124999999
2025-05-28,QLD1,5783.830173611111,7745.07,3986.73,416435.77249999996
2025-05-28,SA1,1569.8514583333333,2134.2,1116.75,113029.305
2025-05-28,TAS1,1093.8302430555555,1328.34,922.85,78755.7775
2025-05-28,VIC1,5579.818159722222,7294.58,4123.11,401746.9075
2025-05-29,NSW1,8574.145312499999,10662.7,6911.29,617338.4624999999
2025-05-29,QLD1,6134.930555555556,7673.69,4751.18,441715.0
2025-05-29,SA1,1451.1014930555555,2012.97,664.27,104479.3075
2025-05-29,TAS1,1174.0263541666666,1441.67,1006.91,84529.89749999999
2025-05-29,VIC1,5421.188958333333,6988.32,4200.47,390325.605
2025-05-30,NSW1,8130.446111111111,10104.07,6235.92,585392.12
2025-05-30,QLD1,6347.832777777778,7684.46,5206.88,457043.95999999996
2025-05-30,SA1,1443.8729166666667,1946.07,642.03,103958.84999999999
2025-05-30,TAS1,1129.1865277777779,1373.48,940.86,81301.43
2025-05-30,VIC1,5604.383124999999,6994.8,4287.11,403515.58499999996
2025-05-31,NSW1,7614.769652777778,9544.05,5858.59,548263.415
2025-05-31,QLD1,6012.474201388889,7383.29,5201.47,432898.14249999996
2025-05-31,SA1,1323.8639930555555,1850.03,440.4,95318.20749999999
2025-05-31,TAS1,1195.1414583333333,1403.25,1065.6,86050.185
2025-05-31,VIC1,5031.950798611111,6554.64,3617.13,362300.4575
2025-06-01,NSW1,7417.22275261324,9814.08,5389.37,532185.7324999999
2025-06-01,QLD1,5691.44850174216,7617.03,4225.65,408361.43
2025-06-01,SA1,1403.4325783972124,1939.47,669.98,100696.28749999999
2025-06-01,TAS1,1217.5004529616724,1435.44,1024.62,87355.6575
2025-06-01,VIC1,4810.681045296167,6570.02,3042.22,345166.365
2025-06-02,NSW1,8498.949027777779,10935.71,6763.69,611924.33
2025-06-02,QLD1,6247.684513888888,8003.96,5150.36,449833.285
2025-06-02,SA1,1485.272326388889,2041.58,763.9,106939.6075
2025-06-02,TAS1,1193.0929513888889,1452.33,950.91,85902.6925
2025-06-02,VIC1,5447.442534722221,7092.63,4057.64,392215.86249999993
2025-06-03,NSW1,8332.031631944445,10641.47,6608.19,599906.2775
2025-06-03,QLD1,6002.987222222222,7956.41,4420.86,432215.07999999996
2025-06-03,SA1,1580.0006250000001,2204.74,1055.76,113760.045
2025-06-03,TAS1,1128.2960763888889,1429.29,882.27,81237.31749999999
2025-06-03,VIC1,5772.477118055556,7744.02,4251.05,415618.35250000004
2025-06-04,NSW1,8994.46045138889,11794.03,6906.69,647601.1525
2025-06-04,QLD1,5986.7228125,8019.81,4094.02,431044.0425
2025-06-04,SA1,1563.67875,2251.78,720.48,112584.87
2025-06-04,TAS1,1289.7742708333333,1589.53,1115.28,92863.7475
2025-06-04,VIC1,6027.303923611111,7916.99,4431.88,433965.88249999995
2025-06-05,NSW1,8871.981041666666,11575.77,6476.76,638782.635
2025-06-05,QLD1,6021.622291666667,7916.9,3926.49,433556.805
2025-06-05,SA1,1852.6664236111112,2351.56,1406.74,133391.98249999998
2025-06-05,TAS1,1282.3379861111111,1549.3,1080.6,92328.33499999999
2025-06-05,VIC1,5917.050173611111,7865.6,4360.33,426027.61249999993
2025-06-06,NSW1,9196.998125,11581.84,7325.86,662183.865
2025-06-06,QLD1,6093.584131944445,7726.57,4332.76,438738.0575
2025-06-06,SA1,1844.6522569444444,2271.9,1268.08,132814.9625
2025-06-06,TAS1,1236.898298611111,1481.46,1076.78,89056.67749999999
2025-06-06,VIC1,6041.226701388889,7383.97,4307.71,434968.3225
2025-06-07,NSW1,7904.4953819444445,10149.21,5896.87,569123.6675
2025-06-07,QLD1,5712.2265625,7433.46,4254.64,411280.3125
2025-06-07,SA1,1756.7418402777778,2216.77,1420.45,126485.41249999999
2025-06-07,TAS1,1207.315625,1415.14,1029.65,86926.72499999999
2025-06-07,VIC1,5433.835277777777,7047.97,4060.03,391236.13999999996
2025-06-08,NSW1,7983.669236111111,10725.81,6005.88,574824.1849999999
2025-06-08,QLD1,5523.44875,7679.55,3456.42,397688.30999999994
2025-06-08,SA1,1614.6927430555556,2264.85,1085.66,116257.8775
2025-06-08,TAS1,1176.5477777777778,1345.87,1039.21,84711.44
2025-06-08,VIC1,5418.839756944444,6975.47,4092.05,390156.46249999997
2025-06-09,NSW1,8861.959722222222,12148.72,6948.06,638061.1
2025-06-09,QLD1,6155.291041666666,8514.49,4351.7,443180.95499999996
2025-06-09,SA1,1571.017361111111,2238.68,953.53,113113.25
2025-06-09,TAS1,1188.0784375,1436.56,1033.88,85541.64749999999
2025-06-09,VIC1,5375.5790625,7207.05,4090.8,387041.69249999995
2025-06-10,NSW1,8868.391493055555,11775.51,6757.57,638524.1875
2025-06-10,QLD1,6243.920798611111,8489.24,3935.54,449562.2975
2025-06-10,SA1,1655.6411458333332,2291.82,1105.81,119206.16249999999
2025-06-10,TAS1,1241.9674305555557,1463.15,1007.34,89421.655
2025-06-10,VIC1,5963.282395833334,7901.29,4406.1,429356.3325
2025-06-11,NSW1,9021.827048611112,11545.8,6764.77,649571.5475
2025-06-11,QLD1,6372.138263888889,8459.66,4148.4,458793.95499999996
2025-06-11,SA1,1740.1461458333333,2222.55,1413.19,125290.52249999999
2025-06-11,TAS1,1207.408125,1428.39,1004.23,86933.385
2025-06-11,VIC1,6151.310868055555,7816.03,4683.28,442894.38249999995
2025-06-12,NSW1,9325.105208333334,11637.16,7345.83,671407.575
2025-06-12,QLD1,6657.673298611112,8671.72,4689.56,479352.47750000004
2025-06-12,SA1,1603.1162152777777,2179.57,880.19,115424.3675
2025-06-12,TAS1,1258.269861111111,1537.27,1110.35,90595.43
2025-06-12,VIC1,6278.811145833333,7907.07,4861.25,452074.40249999997
2025-06-13,NSW1,9539.373298611112,11934.48,7627.87,686834.8775
2025-06-13,QLD1,6661.616041666666,8585.82,4303.6,479636.355
2025-06-13,SA1,1593.5961458333334,2183.74,771.56,114738.9225
2025-06-13,TAS1,1249.7582638888887,1505.47,1104.72,89982.59499999999
2025-06-13,VIC1,6331.94375,8408.56,4858.23,455899.95
2025-06-14,NSW1,8714.95107638889,10999.04,6774.54,627476.4775
2025-06-14,QLD1,6282.548854166666,8135.57,3904.71,452343.51749999996
2025-06-14,SA1,1797.2793749999998,2299.48,1416.98,129404.11499999999
2025-06-14,TAS1,1221.0752430555556,1414.3,1048.08,87917.4175
2025-06-14,VIC1,5737.807604166666,7411.8,4522.65,413122.14749999996
2025-06-15,NSW1,8553.565798611111,11262.2,6383.98,615856.7374999999
2025-06-15,QLD1,6059.453958333333,8114.66,3810.13,436280.68499999994
2025-06-15,SA1,1519.8515625,2175.54,839.91,109429.3125
2025-06-15,TAS1,1197.8488194444444,1382.17,1076.65,86245.11499999999
2025-06-15,VIC1,5531.548854166666,7465.48,4323.02,398271.51749999996
2025-06-16,NSW1,9291.643506944445,12342.5,7272.73,668998.3325
2025-06-16,QLD1,6532.655833333333,8456.87,4800.26,470351.22
2025-06-16,SA1,1777.9542708333333,2372.82,1224.1,128012.70749999999
2025-06-16,TAS1,1219.683576388889,1408.15,1033.75,87817.2175
2025-06-16,VIC1,6037.098645833334,8060.93,4217.44,434671.10250000004
2025-06-17,NSW1,9169.587638888888,11871.97,6889.25,660210.3099999999
2025-06-17,QLD1,7077.1154166666665,8746.47,5753.72,509552.30999999994
2025-06-17,SA1,1702.2704166666665,2308.85,1250.4,122563.46999999999
2025-06-17,TAS1,1217.0067708333333,1419.63,1009.91,87624.4875
2025-06-17,VIC1,6116.667777777778,8109.8,4495.29,440400.07999999996
2025-06-18,NSW1,9331.253611111111,12137.34,6861.5,671850.26
2025-06-18,QLD1,6657.829618055555,8390.94,5206.18,479363.7325
2025-06-18,SA1,1690.4798611111112,2239.47,1110.51,121714.55
2025-06-18,TAS1,1206.4386805555555,1450.95,979.74,86863.58499999999
2025-06-18,VIC1,6529.719027777778,8172.06,4785.32,470139.77
2025-06-19,NSW1,9507.004444444445,12208.16,7022.6,684504.32
2025-06-19,QLD1,6402.466354166666,8205.61,4658.38,460977.57749999996
2025-06-19,SA1,1601.912361111111,2202.45,822.87,115337.69
2025-06-19,TAS1,1225.3163541666668,1438.16,1059.96,88222.7775
2025-06-19,VIC1,6414.796319444445,8263.71,4721.3,461865.335
2025-06-20,NSW1,9344.545069444444,11943.81,6871.95,672807.245
2025-06-20,QLD1,6597.9765625,8063.7,5315.1,475054.3125
2025-06-20,SA1,1528.631388888889,2109.43,705.64,110061.45999999999
2025-06-20,TAS1,1183.9018402777776,1341.56,1033.76,85240.9325
2025-06-20,VIC1,6023.0184375,7930.85,4548.16,433657.32749999996
2025-06-21,NSW1,8636.886979166666,10949.67,6079.85,621855.8624999999
2025-06-21,QLD1,6242.7625,7647.3,5152.47,449478.89999999997
2025-06-21,SA1,1380.3344444444444,1923.61,515.21,99384.07999999999
2025-06-21,TAS1,1142.727013888889,1299.78,1019.23,82276.345
2025-06-21,VIC1,5558.042951388889,7316.83,3930.7,400179.0925
2025-06-22,NSW1,8363.701944444445,11192.5,5822.59,602186.54
2025-06-22,QLD1,6050.034652777778,7883.81,4675.32,435602.495
2025-06-22,SA1,1409.5240972222223,1892.2,701.45,101485.735
2025-06-22,TAS1,1177.2967361111112,1409.57,1015.68,84765.36499999999
2025-06-22,VIC1,5347.884375,7223.18,3760.47,385047.67499999993
2025-06-23,NSW1,8665.615,11159.26,6896.52,623924.28
2025-06-23,QLD1,6432.886458333333,8251.83,5379.43,463167.825
2025-06-23,SA1,1506.0410763888888,2147.02,728.35,108434.95749999999
2025-06-23,TAS1,1175.7555208333333,1359.95,991.52,84654.39749999999
2025-06-23,VIC1,5289.312118055555,6851.51,4083.5,380830.4725
2025-06-24,NSW1,8398.443541666666,10671.31,6773.37,604687.9349999999
2025-06-24,QLD1,6311.249236111111,8148.53,5129.09,454409.94499999995
2025-06-24,SA1,1874.7413194444443,2569.59,1422.04,134981.375
2025-06-24,TAS1,1196.8292708333333,1454.67,996.46,86171.70749999999
2025-06-24,VIC1,5787.799895833334,7945.45,3919.63,416721.5925
2025-06-25,NSW1,8712.297222222222,11885.93,6755.62,627285.3999999999
2025-06-25,QLD1,6035.382500000001,8046.4,4045.03,434547.54000000004
2025-06-25,SA1,1679.7965625,2274.74,1134.17,120945.3525
2025-06-25,TAS1,1201.4605555555556,1384.16,1011.51,86505.16
2025-06-25,VIC1,6460.799340277777,8550.99,4436.07,465177.5525
2025-06-26,NSW1,9215.516909722222,11795.08,6734.41,663517.2175
2025-06-26,QLD1,6212.869652777777,8107.22,4028.52,447326.615
2025-06-26,SA1,1686.0023611111112,2098.5,1357.14,121392.17
2025-06-26,TAS1,1231.6544444444444,1528.05,1041.07,88679.12
2025-06-26,VIC1,6600.405381944444,8111.22,4934.85,475229.1875
2025-06-27,NSW1,9514.98642361111,11622.95,7863.45,685079.0225
2025-06-27,QLD1,6429.6611111111115,7938.74,4793.73,462935.6
2025-06-27,SA1,1679.6419444444443,2134.88,1331.14,120934.21999999999
2025-06-27,TAS1,1234.3334722222223,1486.49,1099.77,88872.01000000001
2025-06-27,VIC1,6232.760381944444,7652.6,4948.39,448758.74749999994
2025-06-28,NSW1,8566.684479166666,10654.07,6804.65,616801.2825
2025-06-28,QLD1,6007.092604166666,7526.44,4796.35,432510.6675
2025-06-28,SA1,1595.3380208333333,2099.75,1144.7,114864.3375
2025-06-28,TAS1,1176.1810069444446,1380.3,1059.52,84685.0325
2025-06-28,VIC1,5698.172951388889,7134.37,4685.5,410268.45249999996
2025-06-29,NSW1,8364.391562499999,10948.66,6191.12,602236.1924999999
2025-06-29,QLD1,6351.863020833333,7941.32,5412.84,457334.1375
2025-06-29,SA1,1476.2523958333334,2117.07,811.06,106290.1725
2025-06-29,TAS1,1135.2165277777776,1439.78,978.5,81735.59
2025-06-29,VIC1,5621.825243055555,7238.45,4562.72,404771.4175
2025-06-30,NSW1,9355.359618055556,11994.46,7392.47,673585.8925
2025-06-30,QLD1,6937.814409722223,8592.7,5547.79,499522.6375
2025-06-30,SA1,1663.7492361111113,2419.36,979.37,119789.945
2025-06-30,TAS1,1262.9007291666667,1505.69,1046.0,90928.8525
2025-06-30,VIC1,6118.497986111111,8100.76,4553.67,440531.855
2025-07-01,NSW1,10300.944599303137,13159.46,7406.16,739092.775
2025-07-01,QLD1,6159.190801393728,8346.45,3956.38,441921.94
2025-07-01,SA1,1716.6091637630661,2309.57,964.6,123166.70749999999
2025-07-01,TAS1,1345.8584668989545,1597.25,1138.55,96565.34499999999
2025-07-01,VIC1,6348.937038327526,8107.12,4751.01,455536.2325
2025-07-02,NSW1,9389.684166666666,11625.32,7367.9,676057.26
2025-07-02,QLD1,6335.877430555555,8507.05,4250.89,456183.17499999993
2025-07-02,SA1,1771.9611805555555,2346.81,1180.48,127581.20499999999
2025-07-02,TAS1,1319.1829166666666,1493.07,1113.69,94981.17
2025-07-02,VIC1,6514.991319444444,8196.84,4637.18,469079.375
2025-07-03,NSW1,8669.167743055556,11090.23,6778.9,624180.0774999999
2025-07-03,QLD1,6155.638402777778,8162.69,3661.32,443205.96499999997
2025-07-03,SA1,1652.6282986111112,2244.6,891.62,118989.2375
2025-07-03,TAS1,1275.839097222222,1435.84,1103.72,91860.415
2025-07-03,VIC1,6092.215069444444,7898.14,4707.16,438639.485
2025-07-04,NSW1,8780.224097222223,11097.71,6460.48,632176.135
2025-07-04,QLD1,6203.237951388889,7917.85,3953.57,446633.13249999995
2025-07-04,SA1,1619.6511458333334,2099.25,1016.89,116614.8825
2025-07-04,TAS1,1248.4487152777776,1492.11,1068.24,89888.3075
2025-07-04,VIC1,5949.397534722222,7881.07,4327.11,428356.62249999994
2025-07-05,NSW1,8459.042916666667,10532.19,6690.7,609051.09
2025-07-05,QLD1,5907.191111111111,7541.08,4072.32,425317.76
2025-07-05,SA1,1513.0276388888888,1967.89,1003.61,108937.98999999999
2025-07-05,TAS1,1191.4249305555556,1382.91,1035.2,85782.595
2025-07-05,VIC1,4944.746701388889,6480.05,3154.01,356021.7625
2025-07-06,NSW1,7708.093576388888,9849.29,5799.91,554982.7374999999
2025-07-06,QLD1,5840.946631944444,7577.8,4587.32,420548.1575
2025-07-06,SA1,1377.9869097222222,1981.77,744.15,99215.0575
2025-07-06,TAS1,1159.3808680555555,1338.22,998.05,83475.42249999999
2025-07-06,VIC1,5340.505486111111,7039.99,4229.31,384516.395
2025-07-07,NSW1,8839.278923611111,11462.15,6983.99,636428.0825
2025-07-07,QLD1,5926.4264930555555,7966.42,3848.8,426702.7075
2025-07-07,SA1,1617.182673611111,2201.99,1140.64,116437.1525
2025-07-07,TAS1,1247.9065625,1470.64,1095.99,89849.27249999999
2025-07-07,VIC1,5757.146319444444,7572.24,4358.2,414514.535
2025-07-08,NSW1,9509.889166666668,12070.51,7363.24,684712.02
2025-07-08,QLD1,6150.475868055556,8128.6,4102.15,442834.2625
2025-07-08,SA1,1700.1324305555554,2340.38,1107.52,122409.53499999999
2025-07-08,TAS1,1201.7592013888889,1373.68,1011.93,86526.66249999999
2025-07-08,VIC1,6077.032951388888,7833.22,4199.45,437546.37249999994
2025-07-09,NSW1,8668.752256944445,11067.09,6469.12,624150.1625
2025-07-09,QLD1,6311.7032291666665,7943.0,4847.17,454442.63249999995
2025-07-09,SA1,2043.452986111111,2637.57,1441.37,147128.615
2025-07-09,TAS1,1162.9696527777778,1366.8,955.87,83733.815
2025-07-09,VIC1,6009.861006944445,7820.24,4576.68,432709.9925
2025-07-10,NSW1,8963.269930555556,11981.0,7163.22,645355.4349999999
2025-07-10,QLD1,5978.346111111111,7853.36,4238.41,430440.92
2025-07-10,SA1,1724.984201388889,2259.65,1022.01,124198.8625
2025-07-10,TAS1,1183.6279166666666,1383.5,1038.56,85221.20999999999
2025-07-10,VIC1,6227.637604166666,8195.74,4465.25,448389.9075
2025-07-11,NSW1,8698.782881944444,10999.12,6489.21,626312.3674999999
2025-07-11,QLD1,6102.959097222222,8014.26,3931.99,439413.055
2025-07-11,SA1,1592.4677777777777,2045.96,1103.11,114657.68
2025-07-11,TAS1,1120.5544791666666,1290.5,984.91,80679.92249999999
2025-07-11,VIC1,5984.647395833333,7369.52,4309.93,430894.61249999993
2025-07-12,NSW1,7943.9610416666665,10213.99,5327.93,571965.195
2025-07-12,QLD1,5881.0015625,7777.18,3578.23,423432.11249999993
2025-07-12,SA1,1388.2584722222223,1869.46,665.05,99954.61
2025-07-12,TAS1,1112.003125,1272.32,982.95,80064.22499999999
2025-07-12,VIC1,5346.243472222222,6737.41,3737.29,384929.53
2025-07-13,NSW1,8186.313298611111,10768.71,5944.25,589414.5575
2025-07-13,QLD1,5865.572291666666,7992.62,3659.62,422321.20499999996
2025-07-13,SA1,1571.3974305555555,2139.92,1148.38,113140.61499999999
2025-07-13,TAS1,1078.2535763888889,1238.19,951.14,77634.25749999999
2025-07-13,VIC1,5245.839861111111,7049.35,4083.42,377700.47
2025-07-14,NSW1,8353.089166666667,11378.05,5885.7,601422.4199999999
2025-07-14,QLD1,6206.737395833334,8177.49,3958.13,446885.0925
2025-07-14,SA1,1769.8216666666665,2396.45,1267.08,127427.15999999999
2025-07-14,TAS1,1187.8700347222223,1433.65,1017.15,85526.64249999999
2025-07-14,VIC1,6078.041701388889,7954.36,4458.56,437619.0025
2025-07-15,NSW1,9761.569618055555,12339.33,7442.96,702833.0125
2025-07-15,QLD1,6507.603159722222,8338.26,4910.34,468547.4275
2025-07-15,SA1,1605.5202430555555,2252.48,949.98,115597.45749999999
2025-07-15,TAS1,1200.2888888888888,1432.6,1031.66,86420.79999999999
2025-07-15,VIC1,6236.009444444445,7925.09,4736.03,448992.68
2025-07-16,NSW1,8947.281284722223,11653.32,6180.36,644204.2525
2025-07-16,QLD1,6153.966736111111,8027.11,4086.18,443085.605
2025-07-16,SA1,1586.2427083333332,2124.15,880.69,114209.47499999999
2025-07-16,TAS1,1173.7662500000001,1365.46,1004.29,84511.17
2025-07-16,VIC1,6182.402465277778,7810.13,4626.04,445132.97750000004
2025-07-17,NSW1,9277.564895833333,11947.77,6839.81,667984.6725
2025-07-17,QLD1,6199.099166666666,7973.79,4486.52,446335.13999999996
2025-07-17,SA1,1579.1833680555555,2224.95,768.03,113701.20249999998
2025-07-17,TAS1,1172.4098263888889,1437.99,986.21,84413.50749999999
2025-07-17,VIC1,6189.034861111111,7959.27,4447.2,445610.51
2025-07-18,NSW1,9565.073402777778,11735.98,7747.1,688685.2849999999
2025-07-18,QLD1,6473.070833333333,7893.49,5456.12,466061.1
2025-07-18,SA1,1594.7742013888887,2209.44,755.62,114823.7425
2025-07-18,TAS1,1181.9784722222223,1388.8,1054.15,85102.45
2025-07-18,VIC1,5963.523819444445,7560.71,4414.26,429373.71499999997
2025-07-19,NSW1,8476.673159722222,10831.48,5837.85,610320.4675
2025-07-19,QLD1,5732.811770833334,7506.2,3688.0,412762.4475
2025-07-19,SA1,1642.1952083333333,2104.8,1042.28,118238.055
2025-07-19,TAS1,1136.0887500000001,1289.42,966.87,81798.39
2025-07-19,VIC1,5423.183020833333,7055.73,3675.13,390469.1775
2025-07-20,NSW1,8343.655659722222,10952.02,5935.26,600743.2075
2025-07-20,QLD1,5746.676458333333,7757.18,3720.2,413760.70499999996
2025-07-20,SA1,1423.1754166666667,1966.8,519.68,102468.63
2025-07-20,TAS1,1145.8791666666666,1418.96,978.43,82503.29999999999
2025-07-20,VIC1,5363.408472222222,7280.61,3627.92,386165.41
2025-07-21,NSW1,8658.803680555555,10967.83,6791.2,623433.865
2025-07-21,QLD1,6161.6,8114.85,4755.17,443635.2
2025-07-21,SA1,1600.7140625,2272.72,711.67,115251.41249999999
2025-07-21,TAS1,1185.5411111111111,1424.72,1003.6,85358.95999999999
2025-07-21,VIC1,5859.785694444444,7876.37,4311.75,421904.56999999995
2025-07-22,NSW1,8820.01701388889,10992.2,7088.64,635041.225
2025-07-22,QLD1,6237.392951388889,8055.28,5169.58,449092.2925
2025-07-22,SA1,1790.1714236111113,2511.69,1153.81,128892.3425
2025-07-22,TAS1,1105.7706597222223,1365.44,955.98,79615.48749999999
2025-07-22,VIC1,6045.664027777778,7878.71,4194.89,435287.80999999994
2025-07-23,NSW1,8453.630416666667,11109.38,6582.42,608661.3899999999
2025-07-23,QLD1,6437.3215625,8084.44,5270.45,463487.15249999997
2025-07-23,SA1,1600.8480555555554,2249.56,754.31,115261.06
2025-07-23,TAS1,1117.6856944444444,1341.21,894.9,80473.37
2025-07-23,VIC1,6328.230416666666,8394.41,4542.31,455632.58999999997
2025-07-24,NSW1,8764.18861111111,11773.89,5865.07,631021.58
2025-07-24,QLD1,6132.4490625,8408.82,3881.76,441536.3325
2025-07-24,SA1,1696.4952430555554,2312.26,837.02,122147.65749999999
2025-07-24,TAS1,1207.7274652777778,1447.31,1048.36,86956.3775
2025-07-24,VIC1,6057.037708333333,8065.22,4263.95,436106.71499999997
2025-07-25,NSW1,9225.4046875,11611.41,6990.21,664229.1375
2025-07-25,QLD1,6385.152673611111,8166.72,4498.51,459730.9925
2025-07-25,SA1,2144.988298611111,2594.95,1525.38,154439.15749999997
2025-07-25,TAS1,1228.2569444444443,1449.44,1019.3,88434.5
2025-07-25,VIC1,6738.374375,8287.13,4694.21,485162.95499999996
2025-07-26,NSW1,8564.557395833333,10322.0,7046.69,616648.1325
2025-07-26,QLD1,6400.817569444444,7883.45,5151.92,460858.865
2025-07-26,SA1,1725.9863541666666,2269.76,1267.19,124271.01749999999
2025-07-26,TAS1,1155.3244444444445,1360.24,936.32,83183.35999999999
2025-07-26,VIC1,5982.406527777778,7341.24,4488.4,430733.27
2025-07-27,NSW1,7987.440138888889,10770.83,6306.78,575095.69
2025-07-27,QLD1,5706.8521527777775,7947.54,3517.5,410893.355
2025-07-27,SA1,1624.1415972222223,2288.32,1108.49,116938.195
2025-07-27,TAS1,1101.141701388889,1297.27,943.52,79282.2025
2025-07-27,VIC1,5498.035555555555,7156.89,4379.31,395858.55999999994
2025-07-28,NSW1,8603.218680555556,11558.8,6710.57,619431.745
2025-07-28,QLD1,6164.548472222222,8531.05,3847.09,443847.49
2025-07-28,SA1,1640.2606944444444,2271.78,1069.61,118098.76999999999
2025-07-28,TAS1,1125.0475000000001,1363.27,984.94,81003.42
2025-07-28,VIC1,5870.679826388889,7877.95,4262.11,422688.9475
2025-07-29,NSW1,8922.92625,11582.82,7315.05,642450.69
2025-07-29,QLD1,6362.162743055556,8398.61,3995.23,458075.7175
2025-07-29,SA1,1816.587847222222,2390.76,1391.31,130794.32499999998
2025-07-29,TAS1,1108.4881597222222,1337.91,917.84,79811.14749999999
2025-07-29,VIC1,6302.051701388888,8170.74,4911.38,453747.7225
2025-07-30,NSW1,9877.661944444444,12670.35,7308.58,711191.6599999999
2025-07-30,QLD1,6277.969131944445,8062.83,4357.62,452013.77749999997
2025-07-30,SA1,1641.942361111111,2359.42,1070.48,118219.84999999999
2025-07-30,TAS1,1187.9867708333334,1466.12,951.33,85535.04749999999
2025-07-30,VIC1,6120.0715625,7954.7,4863.61,440645.15249999997
2025-07-31,NSW1,9453.003576388888,12247.2,7575.76,680616.2575
2025-07-31,QLD1,6270.254131944444,8347.11,4187.61,451458.2975
2025-07-31,SA1,1656.9704166666666,2398.29,845.27,119301.87
2025-07-31,TAS1,1243.8508680555553,1548.64,990.05,89557.26249999998
2025-07-31,VIC1,6125.993263888889,7948.57,4811.85,441071.51499999996
2025-08-01,NSW1,9675.312125435541,12015.0,7638.64,694203.645
2025-08-01,QLD1,6711.003937282229,8196.22,5571.63,481514.5325
2025-08-01,SA1,1651.9364111498257,2264.17,996.7,118526.4375
2025-08-01,TAS1,1213.103449477352,1509.12,1053.96,87040.17249999999
2025-08-01,VIC1,6260.929477351917,8115.17,4744.26,449221.69
2025-08-02,NSW1,9196.809409722222,11190.6,7253.74,662170.2775
2025-08-02,QLD1,5929.6815625,8136.22,3480.85,426937.0725
2025-08-02,SA1,1503.2169791666665,2153.15,691.39,108231.6225
2025-08-02,TAS1,1156.2475,1332.18,1037.5,83249.81999999999
2025-08-02,VIC1,5450.761840277777,7081.7,3417.12,392454.8524999999
2025-08-03,NSW1,8275.7875,10658.16,6980.53,595856.7
2025-08-03,QLD1,5904.688611111111,8035.11,3671.93,425137.57999999996
2025-08-03,SA1,1393.8657986111111,2122.2,364.73,100358.3375
2025-08-03,TAS1,1125.3709375,1345.92,1031.2,81026.70749999999
2025-08-03,VIC1,5043.531736111111,6830.92,2689.19,363134.285
2025-08-04,NSW1,8495.271597222223,10793.43,6952.88,611659.5549999999
2025-08-04,QLD1,5911.630729166667,7964.64,3798.5,425637.4125
2025-08-04,SA1,1853.6121527777777,2418.28,1409.97,133460.07499999998
2025-08-04,TAS1,1133.491875,1355.61,955.75,81611.415
2025-08-04,VIC1,5476.890451388888,7239.56,4206.8,394336.11249999993
2025-08-05,NSW1,7972.4459027777775,10197.1,5499.0,574016.105
2025-08-05,QLD1,5858.105347222222,7933.15,3653.49,421783.58499999996
2025-08-05,SA1,1547.8274305555553,2171.92,668.09,111443.57499999998
2025-08-05,TAS1,1083.1415277777778,1301.55,937.95,77986.19
2025-08-05,VIC1,5336.6345833333335,7292.75,3978.76,384237.69
2025-08-06,NSW1,8066.013576388889,10719.01,5285.42,580752.9775
2025-08-06,QLD1,5827.260243055555,7699.68,3715.12,419562.73749999993
2025-08-06,SA1,1512.6985069444445,2113.32,737.82,108914.2925
2025-08-06,TAS1,1103.9392708333335,1403.5,921.51,79483.6275
2025-08-06,VIC1,5812.136875,7790.01,4414.85,418473.855
2025-08-07,NSW1,9012.028472222222,11347.67,7435.64,648866.0499999999
2025-08-07,QLD1,6113.451736111111,7924.87,4471.6,440168.52499999997
2025-08-07,SA1,1481.4158333333335,2194.26,605.11,106661.94
2025-08-07,TAS1,1111.3811458333334,1412.91,885.04,80019.4425
2025-08-07,VIC1,6236.252118055556,7918.48,4904.2,449010.15249999997
2025-08-08,NSW1,8897.198194444445,11110.24,7403.31,640598.27
2025-08-08,QLD1,6530.885833333334,8065.7,5378.5,470223.78
2025-08-08,SA1,1477.6985416666666,2178.01,467.75,106394.295
2025-08-08,TAS1,1132.8944791666665,1412.05,973.45,81568.4025
2025-08-08,VIC1,5894.069027777778,7469.25,4638.31,424372.97
2025-08-09,NSW1,8282.6953125,10475.2,6654.61,596354.0625
2025-08-09,QLD1,6174.475277777778,7708.37,5296.43,444562.22
2025-08-09,SA1,1458.4424652777777,1973.49,842.71,105007.8575
2025-08-09,TAS1,1104.5019444444445,1250.27,966.89,79524.14
2025-08-09,VIC1,5105.7740625,6745.19,2922.0,367615.7325
2025-08-10,NSW1,8173.753090277778,10839.05,6585.92,588510.2224999999
2025-08-10,QLD1,5750.544756944444,7771.54,4094.59,414039.2225
2025-08-10,SA1,1307.7086111111112,1817.1,547.91,94155.01999999999
2025-08-10,TAS1,1062.2147222222222,1227.74,957.25,76479.45999999999
2025-08-10,VIC1,4933.671423611111,6838.07,2716.33,355224.3425
2025-08-11,NSW1,8746.371111111112,11508.47,7070.43,629738.72
2025-08-11,QLD1,5908.166597222223,7907.45,3967.13,425387.995
2025-08-11,SA1,1428.6818402777778,1882.54,833.54,102865.0925
2025-08-11,TAS1,1102.2796180555556,1343.88,902.37,79364.13249999999
2025-08-11,VIC1,5422.793333333334,7408.54,3478.12,390441.12
2025-08-12,NSW1,8540.983576388888,11358.57,5949.5,614950.8174999999
2025-08-12,QLD1,6014.159930555556,7893.32,3897.42,433019.51499999996
2025-08-12,SA1,1355.0973611111112,2058.48,336.5,97567.01000000001
2025-08-12,TAS1,1099.5597222222223,1328.67,905.25,79168.29999999999
2025-08-12,VIC1,6111.855902777777,7953.93,4424.09,440053.625
2025-08-13,NSW1,8680.7834375,11063.42,6352.32,625016.4075
2025-08-13,QLD1,6082.580034722223,7800.17,4426.81,437945.7625
2025-08-13,SA1,1409.972013888889,2029.29,493.17,101517.985
2025-08-13,TAS1,1066.399548611111,1283.26,932.0,76780.76749999999
2025-08-13,VIC1,5788.877187499999,7553.76,4340.27,416799.1575
2025-08-14,NSW1,9169.170625,11769.3,7443.45,660180.2849999999
2025-08-14,QLD1,6161.148125000001,8085.23,3827.93,443602.66500000004
2025-08-14,SA1,1354.3528125,1977.2,410.25,97513.4025
2025-08-14,TAS1,1103.9663541666666,1333.63,950.23,79485.5775
2025-08-14,VIC1,5407.0853472222225,7616.04,3331.29,389310.145
2025-08-15,NSW1,8324.290486111111,10378.94,6003.16,599348.915
2025-08-15,QLD1,5871.332048611111,7559.53,3669.34,422735.9075
2025-08-15,SA1,1475.5292361111112,2097.76,586.83,106238.105
2025-08-15,TAS1,1064.2999652777778,1244.05,914.92,76629.5975
2025-08-15,VIC1,6100.835381944445,7632.66,4277.11,439260.1475
2025-08-16,NSW1,7850.9796875,10234.41,5628.8,565270.5375
2025-08-16,QLD1,5447.535902777778,7173.26,3145.5,392222.58499999996
2025-08-16,SA1,1407.1492708333333,1998.45,630.67,101314.7475
2025-08-16,TAS1,1107.5603125,1300.18,740.44,79744.3425
2025-08-16,VIC1,5402.4866319444445,7411.65,3530.33,388979.0375
2025-08-17,NSW1,7911.247812500001,11016.91,4801.31,569609.8425
2025-08-17,QLD1,5384.243611111112,7506.32,2961.54,387665.54000000004
2025-08-17,SA1,1369.4214583333332,2156.66,479.4,98598.34499999999
2025-08-17,TAS1,1166.6852777777776,1381.16,962.59,84001.34
2025-08-17,VIC1,5625.6509375000005,7477.55,4283.69,405046.8675
2025-08-18,NSW1,9447.401770833334,12729.23,7226.72,680212.9275
2025-08-18,QLD1,5933.617326388889,7924.05,3626.0,427220.4475
2025-08-18,SA1,1532.1975694444443,2237.18,790.18,110318.22499999999
2025-08-18,TAS1,1204.3215277777779,1497.12,1045.07,86711.15
2025-08-18,VIC1,6386.592326388888,8033.34,4767.17,459834.64749999996
2025-08-19,NSW1,9214.8190625,11816.8,7550.98,663466.9724999999
2025-08-19,QLD1,6663.2125,8378.89,5484.93,479751.29999999993
2025-08-19,SA1,1425.5697916666668,2155.17,411.22,102641.025
2025-08-19,TAS1,1178.0326041666667,1471.77,956.99,84818.3475
2025-08-19,VIC1,5955.853576388889,8210.24,3683.42,428821.4575
2025-08-20,NSW1,9604.363368055556,12061.48,7490.94,691514.1625
2025-08-20,QLD1,6654.546597222222,8230.43,5606.92,479127.355
2025-08-20,SA1,1344.2826041666665,1992.39,294.37,96788.34749999999
2025-08-20,TAS1,1148.3348958333333,1466.78,959.95,82680.11249999999
2025-08-20,VIC1,5615.890902777778,7729.52,3401.24,404344.145
2025-08-21,NSW1,9525.023715277777,11652.45,7371.6,685801.7075
2025-08-21,QLD1,6461.5498263888885,8009.63,5439.46,465231.58749999997
2025-08-21,SA1,1531.8926736111111,1983.4,683.11,110296.27249999999
2025-08-21,TAS1,1058.6803819444444,1299.64,910.46,76224.98749999999
2025-08-21,VIC1,5266.160763888889,7294.67,3198.14,379163.575
2025-08-22,NSW1,8750.919965277777,10626.25,7326.19,630066.2374999999
2025-08-22,QLD1,5870.984340277778,7381.71,3933.55,422710.87249999994
2025-08-22,SA1,1369.0804166666667,1850.81,504.38,98573.79
2025-08-22,TAS1,1092.0527777777777,1270.76,928.75,78627.79999999999
2025-08-22,VIC1,5302.014375,6573.57,4058.78,381745.035
2025-08-23,NSW1,7370.584201388889,9474.64,4709.18,530682.0625
2025-08-23,QLD1,5313.277291666666,7144.52,3048.46,382555.96499999997
2025-08-23,SA1,1181.8031250000001,1770.95,249.14,85089.825
2025-08-23,TAS1,991.6723611111112,1197.25,828.2,71400.41
2025-08-23,VIC1,4869.1568402777775,6520.72,2958.18,350579.2925
2025-08-24,NSW1,7224.862847222223,9864.88,4259.2,520190.125
2025-08-24,QLD1,5321.071493055555,7351.53,2982.49,383117.14749999996
2025-08-24,SA1,1304.2036805555556,1792.09,546.64,93902.665
2025-08-24,TAS1,1058.8254166666668,1284.38,846.93,76235.43
2025-08-24,VIC1,4748.095208333333,6828.43,2380.63,341862.855
2025-08-25,NSW1,7637.461701388889,9820.56,5272.2,549897.2424999999
2025-08-25,QLD1,5588.099756944445,7553.09,3428.92,402343.1825
2025-08-25,SA1,1702.4581944444444,2113.4,1378.44,122576.98999999999
2025-08-25,TAS1,1119.3757291666666,1351.42,972.45,80595.05249999999
2025-08-25,VIC1,5511.281701388889,7062.03,3969.92,396812.2825
2025-08-26,NSW1,7216.011284722223,9236.24,4758.67,519552.8125
2025-08-26,QLD1,5823.467465277778,7621.87,4224.73,419289.6575
2025-08-26,SA1,1371.982638888889,1986.5,426.63,98782.75
2025-08-26,TAS1,1078.2007638888888,1278.53,930.49,77630.45499999999
2025-08-26,VIC1,5826.994097222223,7595.34,4123.82,419543.575
2025-08-27,NSW1,7798.560659722222,9922.69,6402.86,561496.3674999999
2025-08-27,QLD1,5662.348854166667,7573.85,3615.89,407689.1175
2025-08-27,SA1,1454.7255555555555,2150.8,520.55,104740.23999999999
2025-08-27,TAS1,1059.6659375,1256.78,905.47,76295.9475
2025-08-27,VIC1,5500.035798611111,7433.09,4166.33,396002.57749999996
2025-08-28,NSW1,7462.0751736111115,10151.52,4703.42,537269.4125
2025-08-28,QLD1,5591.0303125,7439.72,3476.43,402554.1825
2025-08-28,SA1,1636.2004513888887,2206.59,997.06,117806.4325
2025-08-28,TAS1,1088.4515972222223,1351.77,925.54,78368.515
2025-08-28,VIC1,5502.839583333333,7363.45,4075.69,396204.45
2025-08-29,NSW1,7594.251006944444,9904.63,5200.31,546786.0725
2025-08-29,QLD1,5493.858125,7258.87,3313.19,395557.785
2025-08-29,SA1,1756.3229861111113,2482.39,1079.61,126455.255
2025-08-29,TAS1,1195.6240972222222,1407.13,1014.1,86084.935
2025-08-29,VIC1,5949.312847222222,7779.61,4357.85,428350.52499999997
2025-08-30,NSW1,7360.106979166666,9921.45,4777.27,529927.7024999999
2025-08-30,QLD1,5253.343993055555,7380.39,2936.92,378240.76749999996
2025-08-30,SA1,1540.1288541666668,2112.48,972.72,110889.2775
2025-08-30,TAS1,1093.6897569444443,1292.71,974.59,78745.66249999999
2025-08-30,VIC1,5254.3546875,6938.16,3756.38,378313.5375
2025-08-31,NSW1,7038.901979166666,9758.31,3871.04,506800.94249999995
2025-08-31,QLD1,5195.001319444444,7262.16,2656.48,374040.095
2025-08-31,SA1,1485.1794097222223,2107.56,816.61,106932.9175
2025-08-31,TAS1,1044.2498263888888,1271.93,903.18,75185.98749999999
2025-08-31,VIC1,4977.438194444444,6665.31,3865.18,358375.54999999993
2025-09-01,NSW1,7715.159756097561,10237.92,5024.26,553562.7124999999
2025-09-01,QLD1,6108.765226480837,7675.75,4877.91,438303.905
2025-09-01,SA1,1501.7001045296167,2064.49,732.69,107746.9825
2025-09-01,TAS1,1113.2556445993032,1317.27,975.46,79876.0925
2025-09-01,VIC1,5570.827282229965,7318.24,4343.24,399706.8575
2025-09-02,NSW1,7715.343437500001,10023.96,5388.89,555504.7275
2025-09-02,QLD1,5774.861423611111,7579.95,3882.38,415790.02249999996
2025-09-02,SA1,1333.8605902777779,1973.27,328.97,96037.9625
2025-09-02,TAS1,1135.536076388889,1347.66,1002.63,81758.5975
2025-09-02,VIC1,5397.007951388889,6996.02,3861.33,388584.5725
2025-09-03,NSW1,7464.7025347222225,9921.09,4862.79,537458.5825
2025-09-03,QLD1,5612.682465277779,7486.25,3647.82,404113.1375
2025-09-03,SA1,1405.3475,2038.04,486.42,101185.01999999999
2025-09-03,TAS1,1106.3607291666667,1313.38,936.07,79657.9725
2025-09-03,VIC1,5057.6790972222225,6777.66,3602.66,364152.895
2025-09-04,NSW1,7568.618611111112,9717.09,5075.62,544940.54
2025-09-04,QLD1,5612.4717013888885,7425.58,3954.8,404097.96249999997
2025-09-04,SA1,1343.6072222222222,1998.32,337.62,96739.71999999999
2025-09-04,TAS1,1139.5384722222223,1408.09,937.45,82046.76999999999
2025-09-04,VIC1,5565.569791666667,7513.36,4301.91,400721.02499999997
2025-09-05,NSW1,7452.635243055555,9684.97,5022.27,536589.7374999999
2025-09-05,QLD1,5725.049930555555,7246.23,3945.04,412203.595
2025-09-05,SA1,1471.9103472222223,1917.82,623.84,105977.545
2025-09-05,TAS1,1142.498888888889,1320.54,1002.55,82259.92
2025-09-05,VIC1,5386.184791666667,7246.2,3130.54,387805.305
2025-09-06,NSW1,6818.336423611111,8885.44,4339.48,490920.2225
2025-09-06,QLD1,5387.4186805555555,6983.23,3838.26,387894.145
2025-09-06,SA1,1331.6620486111112,1648.09,897.45,95879.6675
2025-09-06,TAS1,1052.9481250000001,1253.46,791.67,75812.265
2025-09-06,VIC1,4388.734131944445,5743.17,2073.13,315988.8575
2025-09-07,NSW1,6390.262604166666,8615.2,3806.67,460098.9075
2025-09-07,QLD1,5187.634340277778,7149.76,3053.55,373509.6725
2025-09-07,SA1,986.1444791666667,1548.15,-16.21,71002.4025
2025-09-07,TAS1,1113.4059027777778,1301.78,948.92,80165.22499999999
2025-09-07,VIC1,4320.152465277778,5589.02,3075.74,311050.9775
2025-09-08,NSW1,6856.4002083333335,9105.94,4693.69,493660.815
2025-09-08,QLD1,5517.547569444444,7451.99,3676.59,397263.42499999993
2025-09-08,SA1,1127.453576388889,1726.11,136.75,81176.6575
2025-09-08,TAS1,1037.5628125,1222.21,902.55,74704.52249999999
2025-09-08,VIC1,4544.7861111111115,6146.5,3255.93,327224.6
2025-09-09,NSW1,7153.580243055556,9078.01,5379.16,515057.77749999997
2025-09-09,QLD1,5562.329618055555,7509.75,3475.71,400487.7325
2025-09-09,SA1,1472.4506944444443,2065.2,962.69,106016.44999999998
2025-09-09,TAS1,1079.7064583333333,1291.65,906.68,77738.86499999999
2025-09-09,VIC1,4970.430798611111,6958.69,3471.21,357871.01749999996
2025-09-10,NSW1,8117.128298611111,9894.41,6454.04,584433.2374999999
2025-09-10,QLD1,5778.063125,7539.34,4061.64,416020.545
2025-09-10,SA1,1382.70875,2068.15,631.74,99555.03
2025-09-10,TAS1,1050.6204166666666,1318.63,830.82,75644.67
2025-09-10,VIC1,5649.067291666666,7481.4,4424.81,406732.845
2025-09-11,NSW1,7999.464548611111,10253.92,6142.46,575961.4475
2025-09-11,QLD1,5382.454131944444,7544.1,2971.48,387536.6975
2025-09-11,SA1,1236.9142708333331,1913.07,250.01,89057.82749999998
2025-09-11,TAS1,1002.1555555555556,1195.77,736.33,72155.2
2025-09-11,VIC1,5309.563194444444,7084.93,3693.5,382288.54999999993
2025-09-12,NSW1,7157.373680555556,9306.88,4363.06,515330.905
2025-09-12,QLD1,5529.355590277778,7268.01,3314.71,398113.60250000004
2025-09-12,SA1,1327.9957986111112,1875.25,653.67,95615.69750000001
2025-09-12,TAS1,1031.1340972222222,1257.45,753.18,74241.655
2025-09-12,VIC1,5275.856319444445,6754.57,3798.12,379861.655
2025-09-13,NSW1,6540.354375,8579.07,3852.36,470905.51499999996
2025-09-13,QLD1,5586.546423611111,7078.23,4100.4,402231.3425
2025-09-13,SA1,1018.654375,1637.92,-5.83,73343.11499999999
2025-09-13,TAS1,1047.21625,1203.64,875.51,75399.56999999999
2025-09-13,VIC1,4721.985729166667,6061.88,3300.55,339982.9725
2025-09-14,NSW1,6116.336736111111,8479.07,3175.25,440376.245
2025-09-14,QLD1,5226.554340277778,7075.63,3474.44,376311.9125
2025-09-14,SA1,1016.096875,1661.8,-76.45,73158.97499999999
2025-09-14,TAS1,1002.0863194444444,1167.53,859.37,72150.215
2025-09-14,VIC1,3813.8571180555555,5471.58,1811.89,274597.71249999997
2025-09-15,NSW1,6479.7434375,8870.07,3892.92,466541.52749999997
2025-09-15,QLD1,5493.401770833333,7579.3,3661.78,395524.9275
2025-09-15,SA1,1260.0930902777777,1746.28,518.41,90726.70249999998
2025-09-15,TAS1,949.6458680555556,1157.05,830.0,68374.5025
2025-09-15,VIC1,4259.527083333333,5858.79,2677.51,306685.94999999995
2025-09-16,NSW1,6915.354652777778,9075.45,5208.01,497905.535
2025-09-16,QLD1,5664.7169791666665,7636.21,4011.5,407859.62249999994
2025-09-16,SA1,1273.3369791666667,1937.96,397.87,91680.26249999998
2025-09-16,TAS1,970.9013541666667,1161.37,814.61,69904.89749999999
2025-09-16,VIC1,4882.649444444444,6501.51,3738.2,351550.76
2025-09-17,NSW1,6575.026145833333,8888.88,4054.5,473401.88249999995
2025-09-17,QLD1,5783.635625,7751.93,3941.54,416421.76499999996
2025-09-17,SA1,1224.1807291666667,1864.6,179.91,88141.01249999998
2025-09-17,TAS1,1009.1407986111111,1219.14,835.04,72658.1375
2025-09-17,VIC1,4978.344618055556,6996.73,3354.69,358440.8125
2025-09-18,NSW1,6660.896250000001,9102.18,3920.71,479584.53
2025-09-18,QLD1,5762.971145833334,7856.5,3960.41,414933.9225
2025-09-18,SA1,1130.2127083333335,1683.14,124.91,81375.315
2025-09-18,TAS1,1082.3098958333333,1314.53,887.29,77926.3125
2025-09-18,VIC1,4723.692534722222,6271.79,2643.78,340105.8625
2025-09-19,NSW1,6787.271319444444,8881.73,4113.27,488683.535
2025-09-19,QLD1,5890.853229166667,7706.38,4322.12,424141.4325
2025-09-19,SA1,1174.6425694444445,1867.48,265.38,84574.265
2025-09-19,TAS1,1042.4747222222222,1222.48,871.27,75058.18
2025-09-19,VIC1,4500.2389930555555,5851.22,2726.77,324017.2075
2025-09-20,NSW1,6197.36986111111,8485.24,3728.45,446210.62999999995
2025-09-20,QLD1,5808.342013888889,7017.93,4860.23,418200.625
2025-09-20,SA1,1285.4088541666667,1829.48,492.11,92549.4375
2025-09-20,TAS1,1012.5361458333333,1221.38,840.24,72902.6025
2025-09-20,VIC1,4410.842256944445,6115.77,3016.37,317580.64249999996
2025-09-21,NSW1,6018.372395833333,8575.04,3102.14,433322.8125
2025-09-21,QLD1,5162.344618055556,7278.95,2990.37,371688.8125
2025-09-21,SA1,1276.467638888889,1892.2,561.16,91905.67
2025-09-21,TAS1,976.1701388888889,1266.77,818.05,70284.25
2025-09-21,VIC1,4679.4546527777775,6145.06,3930.8,336920.735
2025-09-22,NSW1,6815.651527777778,9630.46,4137.74,490726.91
2025-09-22,QLD1,5597.969930555555,7656.16,3687.08,403053.83499999996
2025-09-22,SA1,1295.1785416666667,1915.2,437.49,93252.855
2025-09-22,TAS1,1080.6027083333333,1319.91,905.87,77803.39499999999
2025-09-22,VIC1,4994.337152777777,7074.56,3442.57,359592.27499999997
2025-09-23,NSW1,6867.474027777777,9411.02,4033.63,494458.12999999995
2025-09-23,QLD1,5525.009097222222,7528.15,3554.51,397800.655
2025-09-23,SA1,1334.1964583333333,1986.1,349.62,96062.14499999999
2025-09-23,TAS1,959.511875,1165.99,799.32,69084.855
2025-09-23,VIC1,4991.643888888889,6501.42,3850.59,359398.36
2025-09-24,NSW1,6680.916215277778,8882.43,3888.99,481025.9675
2025-09-24,QLD1,5397.042569444445,7426.96,3217.69,388587.065
2025-09-24,SA1,1241.8233333333335,1787.24,166.15,89411.28
2025-09-24,TAS1,953.0926736111111,1186.33,787.66,68622.67249999999
2025-09-24,VIC1,4981.9575,6679.59,3818.38,358700.94
2025-09-25,NSW1,6545.526180555556,8856.44,3877.09,471277.885
2025-09-25,QLD1,5365.736458333333,7469.32,3145.91,386333.02499999997
2025-09-25,SA1,1173.4725347222222,1754.1,178.67,84490.02249999999
2025-09-25,TAS1,1028.5745486111111,1290.9,880.09,74057.3675
2025-09-25,VIC1,5254.716284722223,6557.89,4110.86,378339.5725
2025-09-26,NSW1,6554.7025,8537.05,4048.07,471938.57999999996
2025-09-26,QLD1,5376.860590277777,7315.83,3336.27,387133.96249999997
2025-09-26,SA1,1143.9284722222221,1720.78,243.98,82362.84999999999
2025-09-26,TAS1,1049.530763888889,1283.54,889.27,75566.215
2025-09-26,VIC1,4489.965694444444,5642.91,3452.58,323277.52999999997
2025-09-27,NSW1,6257.834375,8120.55,4640.35,450564.075
2025-09-27,QLD1,5100.180034722222,6976.61,3052.55,367212.96249999997
2025-09-27,SA1,1070.0625694444445,1638.92,38.05,77044.505
2025-09-27,TAS1,963.2683333333333,1125.57,852.55,69355.31999999999
2025-09-27,VIC1,3968.1738194444447,5552.11,2078.02,285708.515
2025-09-28,NSW1,6089.299513888889,8321.95,3569.51,438429.565
2025-09-28,QLD1,5226.922847222222,7367.66,2936.7,376338.44499999995
2025-09-28,SA1,1031.8432291666668,1624.92,24.21,74292.7125
2025-09-28,TAS1,971.3509375,1255.73,807.05,69937.26749999999
2025-09-28,VIC1,4200.765243055555,6201.32,2391.33,302455.0975
2025-09-29,NSW1,6737.124652777778,8973.1,4723.68,485072.975
2025-09-29,QLD1,5793.497569444445,7962.51,3770.36,417131.825
2025-09-29,SA1,1356.3186805555556,1767.04,720.71,97654.945
2025-09-29,TAS1,1025.8603819444445,1196.1,839.02,73861.9475
2025-09-29,VIC1,4441.222569444444,6070.67,2302.13,319768.02499999997
2025-09-30,NSW1,6739.444444444444,9103.59,4464.63,485240.0
2025-09-30,QLD1,5772.713402777777,7883.88,3831.74,415635.365
2025-09-30,SA1,1252.3179513888888,1873.2,364.53,90166.89249999999
2025-09-30,TAS1,1035.0910416666668,1219.72,832.25,74526.555
2025-09-30,VIC1,4928.960173611111,6391.61,3960.26,354885.13249999995
2025-10-01,NSW1,6537.952613240418,8786.89,4173.92,469098.1
2025-10-01,QLD1,6211.401533101045,8007.41,4925.56,445668.05999999994
2025-10-01,SA1,1352.903763066202,1966.56,542.98,97070.84499999999
2025-10-01,TAS1,976.7708013937282,1114.54,847.2,70083.305
2025-10-01,VIC1,4791.730592334495,6290.97,3887.3,343806.67
2025-10-02,NSW1,6604.726145833333,9009.04,4319.95,475540.2825
2025-10-02,QLD1,5910.148020833333,8110.89,3994.61,425530.6575
2025-10-02,SA1,1216.6702083333334,1879.22,310.02,87600.255
2025-10-02,TAS1,1017.1522569444445,1204.01,864.85,73234.9625
2025-10-02,VIC1,5274.124652777778,6972.08,4025.11,379736.975
2025-10-03,NSW1,6319.224861111112,8551.9,3730.58,454984.19
2025-10-03,QLD1,5455.065902777778,7477.21,3321.81,392764.745
2025-10-03,SA1,1155.1329166666667,1679.72,211.33,83169.56999999999
2025-10-03,TAS1,1010.3253819444444,1254.02,839.54,72743.42749999999
2025-10-03,VIC1,4881.410590277777,6320.37,3810.1,351461.5625
2025-10-04,NSW1,5904.511180555556,8046.81,3252.4,425124.805
2025-10-04,QLD1,5113.242465277778,7048.97,2891.77,368153.4575
2025-10-04,SA1,966.8199305555556,1553.86,-30.13,69611.035
2025-10-04,TAS1,1012.1532638888889,1194.3,839.1,72875.035
2025-10-04,VIC1,3806.707465277778,5303.28,1608.76,274082.9375
2025-10-05,NSW1,5756.609652777778,8041.43,2907.04,414475.895
2025-10-05,QLD1,5049.669687500001,7121.03,2875.42,363576.2175
2025-10-05,SA1,1228.5316319444446,1566.27,349.71,88454.2775
2025-10-05,TAS1,942.2848958333334,1064.82,811.18,67844.5125
2025-10-05,VIC1,4042.8393055555557,5301.82,2799.27,291084.43
2025-10-06,NSW1,6298.990625,8212.9,4072.93,453527.325
2025-10-06,QLD1,5287.615520833333,7686.66,2974.74,380708.31749999995
2025-10-06,SA1,1088.3511458333332,1568.93,258.1,78361.2825
2025-10-06,TAS1,1006.4714930555556,1230.63,789.38,72465.9475
2025-10-06,VIC1,4585.453645833333,6270.24,3340.9,330152.6625
2025-10-07,NSW1,7004.466284722223,8545.16,5905.82,504321.5725
2025-10-07,QLD1,5832.7525000000005,8008.07,3862.59,419958.18
2025-10-07,SA1,1154.3347916666667,1679.02,311.36,83112.105
2025-10-07,TAS1,1055.8443750000001,1256.39,903.37,76020.795
2025-10-07,VIC1,4400.5540972222225,5923.6,2482.54,316839.895
2025-10-08,NSW1,6842.140069444444,9219.09,4535.18,492634.08499999996
2025-10-08,QLD1,5906.533333333333,8061.66,3920.91,425270.39999999997
2025-10-08,SA1,1150.6086805555556,1609.69,252.14,82843.825
2025-10-08,TAS1,974.0103472222222,1139.96,824.27,70128.745
2025-10-08,VIC1,4473.505729166667,5840.66,2784.02,322092.4125
2025-10-09,NSW1,7419.5599999999995,8808.72,6270.69,534208.32
2025-10-09,QLD1,6015.015625,8285.42,4043.18,433081.125
2025-10-09,SA1,1068.1215625,1619.23,140.55,76904.7525
2025-10-09,TAS1,993.1670486111111,1198.46,794.77,71508.0275
2025-10-09,VIC1,4279.410416666667,5588.11,3024.67,308117.55
2025-10-10,NSW1,6499.477951388889,8825.56,4121.49,467962.4125
2025-10-10,QLD1,6074.284965277778,8004.51,4494.11,437348.51749999996
2025-10-10,SA1,1089.6837847222223,1619.1,235.54,78457.2325
2025-10-10,TAS1,1061.3121875,1257.7,920.12,76414.4775
2025-10-10,VIC1,4251.000138888889,5519.95,2998.89,306072.01
2025-10-11,NSW1,6034.038923611111,8345.46,3540.14,434450.8025
2025-10-11,QLD1,5737.443194444444,8046.65,3261.52,413095.91
2025-10-11,SA1,1012.2018402777778,1492.72,214.92,72878.5325
2025-10-11,TAS1,1033.0884375,1204.61,898.02,74382.3675
2025-10-11,VIC1,3728.4459027777775,5081.46,2106.01,268448.105
2025-10-12,NSW1,6234.459444444445,8089.8,3832.5,448881.07999999996
2025-10-12,QLD1,6064.5607291666665,8294.87,4237.16,436648.37249999994
2025-10-12,SA1,901.9984027777778,1531.4,-185.49,64943.884999999995
2025-10-12,TAS1,1091.7421180555555,1316.33,962.54,78605.4325
2025-10-12,VIC1,4065.673645833333,5548.57,2430.43,292728.50249999994
2025-10-13,NSW1,6210.868541666667,8386.38,3939.05,447182.535
2025-10-13,QLD1,6483.784131944445,8419.95,5344.43,466832.4575
2025-10-13,SA1,1008.6254861111112,1597.58,-22.04,72621.035
2025-10-13,TAS1,1103.6385763888889,1352.29,957.29,79461.9775
2025-10-13,VIC1,4567.215208333333,6323.4,2451.72,328839.495
2025-10-14,NSW1,6279.625555555555,8485.49,3641.17,452133.0399999999
2025-10-14,QLD1,6110.270833333333,8036.51,4641.06,439939.5
2025-10-14,SA1,1011.9472222222222,1579.52,1.92,72860.2
2025-10-14,TAS1,979.0160069444444,1237.85,800.15,70489.1525
2025-10-14,VIC1,4490.954861111111,6304.82,2599.23,323348.75
2025-10-15,NSW1,6517.103749999999,8783.66,4090.72,469231.47
2025-10-15,QLD1,6108.644375,7869.9,4686.22,439822.395
2025-10-15,SA1,969.8499652777778,1578.3,-52.97,69829.1975
2025-10-15,TAS1,1024.7278472222222,1278.74,852.83,73780.405
2025-10-15,VIC1,4272.2903125,5777.77,2221.97,307604.90249999997
2025-10-16,NSW1,6753.175868055556,9365.84,4346.41,486228.6625
2025-10-16,QLD1,5797.854375,7749.77,4028.89,417445.51499999996
2025-10-16,SA1,1222.1446527777778,1655.23,463.78,87994.415
2025-10-16,TAS1,962.4207638888889,1140.42,776.11,69294.295
2025-10-16,VIC1,4598.607916666667,5984.83,2928.66,331099.77
2025-10-17,NSW1,7310.053368055556,9240.75,6211.74,526323.8425
2025-10-17,QLD1,5728.235902777778,7838.19,3780.75,412432.985
2025-10-17,SA1,1017.2282291666666,1529.81,114.83,73240.4325
2025-10-17,TAS1,956.1203819444445,1122.41,785.42,68840.6675
2025-10-17,VIC1,4247.413506944445,5399.03,2622.98,305813.77249999996
2025-10-18,NSW1,6056.626527777778,7811.71,3678.58,436077.11
2025-10-18,QLD1,5642.834513888888,7732.54,3490.23,406284.08499999996
2025-10-18,SA1,875.9543055555556,1478.26,-112.3,63068.71
2025-10-18,TAS1,1007.4689236111111,1189.86,864.72,72537.7625
2025-10-18,VIC1,3824.0131597222226,5164.95,1687.13,275328.9475
2025-10-19,NSW1,5849.132951388889,8282.33,3060.56,421137.5725
2025-10-19,QLD1,5538.305347222223,7861.02,3524.67,398757.985
2025-10-19,SA1,1236.3743749999999,1524.19,526.38,89018.95499999999
2025-10-19,TAS1,956.7114583333333,1114.09,861.49,68883.22499999999
2025-10-19,VIC1,4169.230520833334,5317.58,3167.78,300184.5975
2025-10-20,NSW1,7506.969583333333,10796.34,5641.1,540501.8099999999
2025-10-20,QLD1,6032.394479166666,8252.38,4263.1,434332.40249999997
2025-10-20,SA1,1374.3634027777778,1655.36,1153.2,98954.165
2025-10-20,TAS1,894.5092013888889,1085.13,731.79,64404.66249999999
2025-10-20,VIC1,4933.081805555556,5724.73,3858.8,355181.88999999996
2025-10-21,NSW1,7048.506493055556,8869.26,5085.83,507492.4675
2025-10-21,QLD1,6028.600763888889,8406.47,3991.2,434059.25499999995
2025-10-21,SA1,1478.5492013888888,1740.91,1215.35,106455.5425
2025-10-21,TAS1,995.5895138888889,1171.14,826.79,71682.44499999999
2025-10-21,VIC1,4570.716041666667,5879.93,2945.44,329091.555
2025-10-22,NSW1,7968.195972222223,11139.64,5961.0,573710.11
2025-10-22,QLD1,6106.806111111112,8424.61,4140.59,439690.04000000004
2025-10-22,SA1,1150.9525347222223,1626.46,366.4,82868.58249999999
2025-10-22,TAS1,1079.5362499999999,1214.1,863.92,77726.60999999999
2025-10-22,VIC1,4756.359652777778,5831.36,3288.43,342457.895
2025-10-23,NSW1,6671.84517361111,8544.18,4712.45,480372.8524999999
2025-10-23,QLD1,6613.289201388889,8702.85,4748.36,476156.8225
2025-10-23,SA1,995.5042708333333,1588.36,-8.02,71676.3075
2025-10-23,TAS1,979.7219444444445,1160.14,845.29,70539.98
2025-10-23,VIC1,4698.046875,6003.05,3021.57,338259.375
2025-10-24,NSW1,6347.790625,8182.43,4207.86,457040.92499999993
2025-10-24,QLD1,6515.8796180555555,8795.93,4931.94,469143.3325
2025-10-24,SA1,951.0160069444444,1525.35,-69.95,68473.1525
2025-10-24,TAS1,913.2017708333333,1128.12,715.88,65750.5275
2025-10-24,VIC1,4662.052777777778,5818.97,3287.65,335667.8
2025-10-25,NSW1,6191.183368055556,7884.49,4190.13,445765.20249999996
2025-10-25,QLD1,6029.703611111111,7852.16,4474.47,434138.66
2025-10-25,SA1,1214.7792013888889,1513.59,773.92,87464.1025
2025-10-25,TAS1,971.0040972222223,1142.21,815.5,69912.295
2025-10-25,VIC1,4474.189861111111,5359.29,3467.91,322141.67
2025-10-26,NSW1,6611.4094444444445,8120.83,5104.31,476021.48
2025-10-26,QLD1,6218.940520833334,8519.5,4127.77,447763.7175
2025-10-26,SA1,943.6277083333333,1533.71,40.11,67941.19499999999
2025-10-26,TAS1,962.7463194444443,1108.69,757.34,69317.73499999999
2025-10-26,VIC1,4512.634444444445,5459.25,3460.0,324909.68
2025-10-27,NSW1,6680.0503125,8583.66,5091.96,480963.62249999994
2025-10-27,QLD1,7117.590347222222,10167.64,5344.78,512466.50499999995
2025-10-27,SA1,1220.054826388889,1620.3,646.14,87843.94750000001
2025-10-27,TAS1,1040.8268402777778,1299.07,869.29,74939.5325
2025-10-27,VIC1,4690.014375,6287.91,3196.2,337681.035
2025-10-28,NSW1,7615.965625,9156.42,6106.17,548349.5249999999
2025-10-28,QLD1,6917.536180555555,7927.24,5940.52,498062.605
2025-10-28,SA1,896.1870486111111,1536.97,-112.58,64525.4675
2025-10-28,TAS1,995.8921180555556,1195.75,816.75,71704.2325
2025-10-28,VIC1,4324.522326388889,6216.13,2236.6,311365.6075
2025-10-29,NSW1,7429.046597222222,8789.67,6317.36,534891.355
2025-10-29,QLD1,6034.349965277778,7908.59,4720.3,434473.1975
2025-10-29,SA1,910.4738541666667,1528.36,-112.44,65554.1175
2025-10-29,TAS1,1026.288402777778,1254.11,838.11,73892.765
2025-10-29,VIC1,4297.443159722222,6103.22,2501.94,309415.9075
2025-10-30,NSW1,6612.793819444445,8345.39,4909.29,476121.155
2025-10-30,QLD1,6304.735277777778,8349.0,4724.68,453940.94
2025-10-30,SA1,1203.1451388888888,1545.49,440.61,86626.45
2025-10-30,TAS1,954.4274652777777,1238.29,738.33,68718.7775
2025-10-30,VIC1,4238.918090277778,5612.26,2233.77,305202.1025
2025-10-31,NSW1,6637.345868055556,8497.39,4628.77,477888.90249999997
2025-10-31,QLD1,6577.653020833333,8106.23,5287.51,473591.01749999996
2025-10-31,SA1,958.3254166666667,1494.02,136.17,68999.43
2025-10-31,TAS1,987.9981597222222,1195.44,780.22,71135.8675
2025-10-31,VIC1,4882.671423611111,5550.95,3989.02,351552.3425
